,Medicines,Common_Names
0,5-Hydroxytryptophan,"
2-Amino-3-(5-Hydroxy-1H-Indol-3-yl)Propanoic Acid
5 Hydroxy-Tryptophane
5-HTP
5-Hydroxy
5-Hydroxy L-Tryptophan
5-Hydroxy L-Tryptophane
5-Hydroxy Tryptophan
5-Hydroxytryptophan
5-Hydroxytryptophane
5-L-Hydroxytryptophan
5HTP
Griffonia Extract
Griffonia simplicifolia
L-5 HTP
L-5 Hydroxytryptophan
L-5-Hydroxytryptophane
Minichill
Oxitryptan
Relarian
Tryptophan"
1,Acai,"

Euterpe oleracea

Acai Berries
Acai Berry
Acai Berry Juice
Acai Extract
Acai Fruit
Acai Palm
Amazon Acai
Amazon Acai Berries
Amazon Acai Berry
Amazonian Palm Berries
Amazonian Palm Berry
Assai Palm
Cabbage Palm
Palma Manaca"
2,Acerola,"Acerola also is known as Barbados cherry, West Indian cherry, Puerto Rican cherry, Antilles cherry, cereso, cereza, cerisier, and semeruco."
3,Acetyl-L-Carnitine,"
Acetyl Carnitine
Acetyl L-Carnitine Hydrochloride
Acetyl-L-Carnitine Arginate Dihydrochloride
Acetyl-L-Carnitine Arginate HCl
Acetyl-L-Carnitine HCl
Acetyl-Levocarnitine
Acetylcarnitine
ALC
ALCAR
Aminocarnitine
Bicarnesine
Carnitine
Carnitine Acetyl Ester
Carnitine, Acetyl-L
Carnitor
Gamma-Trimethyl-Beta-Acetylbutyrobetaine
L-3-hydroxytrimethylaminobutanoate
L-Acetylcarnitine
L-beta-hydroxy-γ-trimethyl-amino-butyric acid
L-Carnitine
LC
Levacecarnine
Levocarnitine
N-Acetyl-Carnitine
N-Acetyl-Carnitine Hydrochloride
N-Acetyl-L-Carnitine
Propionyl-L-carnitine
ST-200
Vitamin B(t) Acetate
Vitamin BT
γ-trimethyl-beta-acetyl-butyrobetaine"
4,Acidophilus,
5,Aconite,"Aconite tuber, monkshood, friar's cap, helmet flower, soldier's cap, wolfsbane, devil's helmet, blue rocket, leopard's bane, chuanwu, caowu, wutou, futzu, and bushi."
6,Adrenal Extract,"
ACE
Adrenal Complex
Adrenal Concentrate
Adrenal Cortex
Adrenal Cortex Extract
Adrenal Factors
Adrenal Medulla
Adrenal Polypeptide Fractions
Adrenal Powder
Adrenal Substance
Lyophilized Adrenal Tissue
Whole Adrenal Extract"
7,African Mango,"

Irvingia gabonensis

African Wild Mango
Agbono
Bread Tree
Bush Mango
Dika
Dika Bread Tree
Dika Nut
Dikabread tree
Dikanut
Dikka
Duiker Nut
Etima
Iba-tree
Irvingia
Kaka
Odika
Ogbono
Sweet Bush Mango
Wild Mango"
8,Alfalfa,"

Medicago sativa

Alfa
Alfalfa Juice
Feuille de Luzerne
Grand Trèfle
Herbe aux Bisons
Herbe à Vaches
Lucerne
Luzerne
Medicago
Phyoestrogen
Phyto-œstrogène
Purple Medick
Sanfoin"
9,Aloe,"

A. vera


Aloe africana


Aloe arborescens


Aloe barbadensis


Aloe ferox


Aloe indica


Aloe perryi


Aloe vera


Aloe vulgaris

Aloe Capensis
Aloe Gel
Aloe Latex
Aloe Leaf Gel
Aloe Vera
Aloe Vera Barbenoids
Aloe Vera Gel
Aloes
Barbados
Barbados Aloe
Burn Plant
Cape
Cape Aloe
Curacao
Curacao Aloe
Elephant's Gall
Ghee-Kunwar
Ghi-Kuvar
Ghrita-Kumari
Gvar Patha
Hsiang-Dan
Indian Aloe
Jafarabad Aloe
Kanya
Kumari
Lily of the Desert
Lu-Hui
Plant of Immortality
Socotrine
Zanzibar"
10,Alpha-Lipoic Acid,"

1,2-dithiolane-3-pentanoic acid


1,2-dithiolane-3-valeric acid


5-(1,2-dithiolan-3-yl) valeric acid


6,8-thioctic acid


Alpha-lipoic acid

A-Lipoic Acid
Acetate Replacing Factor
ALA
Alpha Lipoic Acid
Alpha-Lipoate
Alpha-Lipoic Acid
Alphalipoicacidala
Biletan
Dihydrolipoic Acid
Lipoic Acid
Lipoicin
R-Lipoic Acid
S-Alpha-Lipoic Acid
S-Lipoic Acid
Thioctacid
Thioctan
Thioctic Acid"
11,Angelica,"Angelica also is known as European angelica, Echt engelwurz (German), Garden Angelica, Holy Ghost, Wild Celery, Norwegian angelica, Chorak (Indian)"
12,Anise,"Anise also is known as aniseed, and sweet cumin."
13,Aortic Extract,"
Aortic GAGs
Aortic Glycosaminoglycanes
Aortic Glycosaminoglycannes
Aortic Glycosaminoglycans
GAG
Glycosaminoglycanes
Glycosaminoglycannes
Glycosaminoglycans
Heparinoid Fraction
Heparinoids
Héparinoïdes
Mesoglicano
Mesoglycan
Mesoglycan Sodium
Mucopolysaccharide
Mésoglycane
Prisma
Sulfomucopolysaccharide"
14,Arabinoxylane,"
Arbainoxylane
AX
Biobran
Cinnamon AX
Hemicellulose Complex With Arabinoxylane
Kawaratake Mushroom
MGN-3
Rice Bran
Shiitake Mushroom
Suehirotake Mushroom"
15,Arginine,"
Arginine Ethyl Ester
Arginine Ethyl Ester Dihydrochloride
Arginine Ethyl Ester HCl
Arginine HCl
Arginine Hydrochloride
Di-Arginine Malate
Di-Arginine Orotate
Di-L-Arginine-L-Malate
Dl-Arginine
L-Arginine
L-Arginine Ethyl Ester Dichloride
L-Arginine HCl
L-Arginine Hexanoate
L-Arginine Hydrochloride
L-Arginine Ketoisocaproic Acid
L-Arginine L-Pyroglutamate
L-Arginine Pyroglutamate
L-Arginine Taurinate"
16,Arnica,"

Arnica chamissonis


Arnica cordifolia


Arnica fulgens


Arnica latifolia


Arnica montana


Arnica sororia

Arnica Flos
Arnica Flowers
Arnica Root
Common Arnica
Leopard's Bane
Leopardsbane
Mountain Arnica
Mountain Daisy
Mountain Snuff
Mountain Tobacco
Sneezewort
Wolf's Bane
Wolfsbane
Wundkraut"
17,Artichoke,"

C. cardunculus


Cynara cardunculus


Cynara scolymus

Alcachofa
Alcachofra
ALE
Artichaut
Artichoke Extract
Artichoke Fruit
Artichoke Leaf Extract
Artichokes
Extractum Cynarae aq. Siccum
Garden Artichoke
Globe Artichoke"
18,Ashwagandha,"

Physalis somnifera


Withania somnifera

Ajagandha
Amangura
Amukkirag
Asan
Asana
Asgand
Asgandh
Asgandha
Ashagandha
Ashvagandha
Ashwaganda
Ashwanga
Asoda
Asundha
Asvagandha
Aswaganda
Aswagandha
Avarada
Clustered Winter Cherry
Indian Ginseng
Kanaje Hindi
Kuthmithi
Samm al ferakh
Winter Cherry
Withania
Withania Somnifera"
19,Astragalus,"

Astragalus membranaceus


Astragalus mongholicus

Astragale
Astragalo
Astragalus
Beg Kei
Bei Qi
Buck Qi
Chinese Astragalus
Huang Chi
Huang Qi
Huang Se
Hwanggi
Jin Fu Kang
Membranous Milk Vetch
Membranous Milk-Vetch
Meng Gu Huang Qi
Milk Vetch
Mongolian Milk
Ogi
Ougi
Radix Astragali
Radix Astragalus"
20,Barberry,"Barberry also is known as holly barberry, Oregon grape, Oregon barberry, Oregon grapeholly, trailing mahonia, berberis, jaundice berry, woodsour, sowberry, pepperidge bush, and sour-spine"
21,Barley Grass,Barley also is known as barley grass and hordeum.
22,Bayberry,"Bayberry also is known as wax myrtle plant,  candleberry, Chinese bayberry, red bayberry, waxberry, and yang-mei."
23,Bee Pollen,"
Bee Bread
Bee Pollen Extract
Buckwheat Pollen
Honey Bee Pollen
Honeybee Pollen
Maize Pollen
Pine Pollen
Pollen"
24,Beta Glucans,Beta glycans also are known as beta-glucans.
25,Beta-Carotene,"
A-Beta-Carotene
Canthaxanthin
Carophyll Red
Carotenes
Carotenoids
Food Orange 8
Mixed Carotenoids
Provitamin A
Provitamine A
Roxanthin Red 10
Tanning Pill
Tanning Tablet"
26,Beta-Sitosterol,"
Angelicin
B-Sisterol
B-Sitosterol 3-B-D-Glucoside
B-Sitosterolin
B-Sitosterols
Beta Sitosterin
Beta Sitosterol
Beta-Sisterol
Beta-Sitosterol Glucoside
Beta-Sitosterol Glycoside
Beta-Sitosterols
Betasitosterols
Campesterol
Cinchol
Cupreol
Phytoesterol Esters
Phytosterol
Phytosterols
Plant Phytosterols
Plant Sterol
Plant Sterol Esters
Plant Sterolins
Plant Sterols
Quebrachol
Rhamnol
Sitosterin
Sitosterolins
Sitosterols
Sterinol
Sterolins
Stigmasterol
Vegetable Oil Sterol Esters
Vegetable Sterol Esters"
27,Betaine Hydrochloride,"
Betain
Betain HCL
Betaine Chlorhydrate
Betaine Hydrochloric Acid
Glycine Betaine
Lycine
TMG
Trimethyl Glycine
Trimethylglycine
Trimethylglycine Hydrochloride"
28,Betel Nut,"Areca nut, paan, paan-gutkha pinlang, pinang, and supari."
29,Betony,"Betony is also known as wood betony, purple betony,  bishop's wort, and common hedge nettle."
30,Bilberry,"

Fructus myrtilli


Vaccinium myrtillus

Airelle
Bilberries
Bilberry
Bilberry Fruit
Bilberry Leaf
Black Whortles
Bleaberry
Bog Bilberry
Brimbelle
Burren Myrtle
Burrenmyrtle
Dwarf Bilberry
Dyeberry
European Blueberry
Heidelbeere
Huckleberry
Hurtleberry
Mauret
Myrtille
Swedish Bilberry
Trackleberry
Whortleberry
Wineberry"
31,Biotin,"

d-(+)-Biotin; hexahydro-2-oxo-1H-thieno[3,4-d]imidazole-4-pentanoic acid
Biotin
Biotina
Biotine
Biotine-D
Coenzyme R
D-Biotin
Factor S
Vitamin B7
Vitamin H
Vitamine B7
Vitamine H
W Factor"
32,Bitter Melon,"

Momordica charantia

African Cucumber
Ampalaya
Art Pumpkin
Balsam Apple
Balsam Pear
Balsambirne
Balsamine
Balsamo
Bitter Apple
Bitter Cucumber
Bitter Gourd
Bitter Melon
Bitter Squash
Bittergurke
Carilla Cundeamor
Carilla Fruit
Carilla Gourd
Cerasee
Margose
Melon Amer
Vegetable Insulin
Wild Cucumber"
33,Bitter Orange,"

Citrus aurantium

Aurantium
Bigarade
Bigarade Orange
Bitter Orange Flower
Bitter Orange Peel
Chao Zhi Ke
Chisil
Citrus Aurantium Fruit
Green Orange
Kijitsu
Laranja-Amarga
Laranja-Azeda
Laranja-Cavalo
Marmalade Orange
Methyl-Synephrine
Methyl-Synephrine HCl
N-Methyltyramine
Neroli Flowers
Neroli Oil
Norsynephrine
Octopamine
Octopamine HCl
Orange Peel Extract
Seville Orange
Shangzhou Zhiqiao
Sour Orange
Synephrine
Synephrine HCl
Synephrine Hydrochloride
Zhi Qiao
Zhi Shi"
34,Black Cohosh,"

Actaea macrotys


Actaea racemosa


Cimicifuga racemosa

Baneberry
Black Aristolochiaceae
Black Bugbane
Black Snakeroot
Bugbane
Bugwort
Cimicifuga
Cimicifuge
Cohosh Negro
Cohosh Noir
Cytise
Fairy Candle
Macrotys
Phytoestrogen
Rattle Root
Rattle Top
Rattleroot
Rattlesnake Root
Rattletop
Rattleweed
Remifemin
Rhizoma Cimicifugae
Sheng Ma
Snakeroot
Squaw Root
Squawroot
Traubensilberberze
Wanzenkraut"
35,Bladderwrack,"

Ascophyllum nodosum


Fucus vesiculosis

Atlantic Kelp
Black Tang
Bladder Fucus
Bladder Wrack
Blasentang
Cutweed
Fucus
Kelp
Kelpware
Knotted Wrack
Laminaire
Marine Oak
Norwegian Seaweed
Ocean Kelp
Rockweed
Rockwrack
Sea Kelp
Seaweed
Seawrack
Tang
Varech"
36,Bloodroot,"Bloodroot also is known as bloodwort, red pucoon, redroot, coon root, paucon, sweet slumber, tetterwort, snakebite, Indian paint, and black paste."
37,Boldo,"Boldo also is known as boldu, boldus, boldoa, and boldea."
38,Boneset,
39,Borage,"Borage is also known as burrage, common bugloss, bee-bread, bee fodder, star flower, ox's tongue, and cool tankard."
40,Boron,"
Borate
Borates
Borax Sodium
Bore
Boric Acid
Boric Anhydride
Boric Tartrate
Boro
Boron
Sodium Borate"
41,Bovine Colostrum,"Bovine colostrum is also known as cow milk colostrum, bovine colostrum immune milk, lactobin, LC2N, BCC (bovine colostrum concentrate), hyperimmune milk, early milk, and lactoferrin."
42,Brahmi,"

Bacopa monniera


Bacopa monnieri


Herpestis monniera


Moniera cuneifolia

Andri
Bacopa
Herb of Grace
Herpestis Herb
Herpestis Monniera
Indian Pennywort
Jal-Brahmi
Jalanimba
Jalnaveri
Nira-Brahmi
Sambrani Chettu
Thyme-Leaved Gratiola
Water Hyssop"
43,Branched-Chain Amino Acids,"
2-Amino-3-Methylvaleric Acid
2-Amino-4-Methylvaleric Acid
BCAA
BCAAs
Branched Chain Amino Acid Therapy
Essential Amino Acids
Isoleucine
Isoleucine Ethyl Ester HCl
L-Isoleucine
L-Leucine
L-Leucine Pyroglutamate
L-Valine
Leucine
Leucine Ethyl Ester HCl
Leucine Isovaleric Acid
Leucine Methyl Ester HCl 
Valine"
44,Brewer's Yeast,"

S. cerevisiae


Saccharomyces cerevisiae

Baker's Yeast
Betafectin
Dried Yeast Fermentate
EpiCor
Fibercel
Medicinal Yeast
Yeast"
45,Bromelain,"

Ananas comosus

Ananas
Bromelaine
Bromelains
Bromelainum
Bromelin
Debridase
Fruit Bromelain
Phlogenzym
Pineapple
Pineapple Enzyme
Pineapple Extract
Plant Protease Concentrate
Protease"
46,Buchu,"Buchu also is known as bookoo, buku, diosma, bucku, and bucco."
47,Bugleweed,"Bitter bugle, bugleweed, carpenter's herb, green archangel, gypsywort, northern bugleweed, Paul's betony, purple archangel, rough bugleweed, sweet bugle, Thyreo-loges N tablets, Virginia water horehound, water bugle, water horehound, wolf foot, wolfstrappkraut
Trade Names
Thyreo-loges N"
48,Bupleurum,"

Bupleurum chinense


Bupleurum exaltatum


Bupleurum falcatum


Bupleurum fruticosum


Bupleurum longifolium


Bupleurum multinerve


Bupleurum octoradiatum


Bupleurum rotundifolium


Bupleurum scorzonerifolium

Bei Chai Hu
Beichaihu
Bupleuri
Bupleuri Radix
Bupleurum Chinese
Bupleurum Root
Chai Hu
Chai-hu
Chaihu
Chi Hu
Chinese Bupleurum
Chinese Thoroughwax
Hare's Ear Root
Radix Bupleuri
Saiko
Shrubby Hare's Ear
Sickleleaf Hare's Ear
Thoroughwax
Thorow Wax
Thorowax"
49,Burdock,"Burdock also is known as bardana, beggar's buttons, clotbur, edible burdock, Fructus arctii,  great bur, great burdocks, lappa, and Niu Bang Zi (Chinese)."
50,Butcher's Broom,"Butcher's broom also is known as box holly, knee holly, pettigree, sweet broom, and Jew's myrtle."
51,Butterbur,"

Petasites frigidus


Petasites hybridus


Petasites japonicas


Tussilago farfara

Arctic Butterbur
Arctic Sweet Coltsfoot
Arctic Sweet Coltsfoot (P. frigidus)
Blatterdock
Bog Rhubarb
Bogshorns
Butter-Dock
Butterfly Dock
Capdockin
Chapeliere
Coltsfoot
Common Butterbur
Contre-Peste
Exwort
Flapperdock
Fuki
Fuki Petasites
Giant Butterbur
Grand Bonnet
Japanese Butterbur
Japanese Sweet Coltsfoot (P. japonicas)
Japonica Petasites
Langwort
Pestilence-Wort (P. hybridus)
Pestwurz
Petadolex
Petasites
Petasites Japonicus
Petasites Vulgaris
Petasitidis Folium
Petasitidis Hybridus
Petasitidis Rhizoma
Plague Root
Purple Butterbur
Umbrella Leaves"
52,Calanolide A,
53,Calendula,"

Calendula officinalis

Calendola
Calendule
English Garden Marigold
Fleur de Calendule
Fleur de Tous les Mois
Garden Marigold
Gold Bloom
Gold-Bloom
Golden Bloom
Goudsbloem
Holligold
Maravilla
Marigold
Marybud
Marygold
Nagotki
Neven
Pot Marigold
Ringelblume
Souci
Souci des Champs
Souci des Jardins
Souci des Vignes
Souci Officinal
Zergul"
54,Caprylic Acid,"
Capric Acid
Caproic Acid
Lauric Acid
MCTs
Medium Chain Triglycerides
Octanoate
Octanoic Acid
Tricaprylin"
55,Caprylidene,"
1,2,3-Propanetriol Trioctanoate
AC-1202
Axona
Capric Acid
Caproic Acid
Caprylic Acid Triglycerides
Caprylic Triglycerides
Glycerin Tricaprylate
Lauric Acid
MCT
MCTs
Medium Chain Triglycerides
TCM
Tricaprylin
Trioctanoin"
56,Capsicum Peppers,"

Capsicum annuum


Capsicum baccatum


Capsicum chinense


Capsicum frutescens


Capsicum minimum


Capsicum pubescens

African Bird Peppers
African Chilies
African Peppers
Aji
Bell Peppers
Bird Peppers
Capsaicin
Capsicum
Capsicum Fruits
Capzasin-HP
Capzasin-P
Cayenne
Cayenne Fruit
Cayenne Pepper
Cayenne Peppers
Chile
Chile Peppers
Chili
Chili Peppers
Chilli
Chilli Pepper
Chilli Peppers
Chillies
Cis-Capsaicin
Garden Peppers
Goat's Pod
Green Chili Peppers
Green Pepper
Green Peppers
Hot Peppers
Hungarian Peppers
Jalapeno
Jalapeño Peppers
Louisiana Long Pepper
Louisiana Long Peppers
Louisiana Sport Peppers
Mexican Chiles
Oleoresin Capsicum
Paprika
Pili-Pili
Pimiento
Red
Red Peppers
Sweet Peppers
Tabasco Pepper
Tabasco Peppers
Thai Peppers
Trans-Capsaicin
Zanzibar Peppers
Zostrix
Zucapsaicin"
57,Carnitine,"
Aminocarnitine
B Factor
Carnitina
Carnitor
D-Carnitine
DL-Carnitine
Karnitin
L-Carnitine
L-Carnitine Fumarate
L-Carnitine L-Tartrate
L-Carnitine Tartrate
Levocarnitine
Levocarnitine Fumurate
ST-198
Vitacarn
Vitamin B
Vitamine B"
58,Cascara,"

Frangula purshiana


Rhamnus purshiana


Rhamnus pushiana

Bitter Bark
Bitterbark
Buckthorn
California Buckthorn
Cascara Sagrada
Cascararinde
Chittem Bark
Cortex Rhamni Purshianae
Dogwood Bark
Pastel Bourd
Purshiana Bark
Rhamnus
Sacred Bark
Sagrada Bark
Yellow Bark"
59,Cat's Claw,"

Uncaria guianensis


Uncaria tomentosa

C-Med 100
Cat's Claw
Cortex Uncariae
Life-Giving Vine of Peru
Reparagen
Samento
Uña de Gato"
60,Catnip,"Catnip also is known as catnep, catmint, catswort, and field balm."
61,Centaury,"Centaury also is known as minor centaury, lesser centaury, centaury herb, centaurri herba, common centaury, feverwort, filwort, bitter herb, red centaury, Christ's ladder, and centaury gentian."
62,Chamomile,"

Anthemis nobilis


Chamaemelum nobile


Chamomilla recutita


Chamomilla


Matricaria chamomilla


Matricaria recutita


Matricaria suavoelens

Blue Chamomile
Camomilla
Camomille
Chamomilla
Common
English
English Chamomile
Garden
Garden Chamomile
Genuine
Genuine Chamomile
German
German Chamomile
Hungarian
Hungarian Chamomile
Lawn
Lawn Chamomile
Petite Chamomile
Pin Heads
Roman
Roman Chamomile
Scotch
Scotch Chamomile
Sweet
Sweet Chamomile
Sweet False Chamomile
True
True Chamomile
Wild
Wild Chamomile"
63,Chaparral,"Chaparral also is known as creosote bush, greasewood, gobernadora, hediondilla, jarilla, and jarilla hembra."
64,Chaste Tree,"

Vitex agnus-castus


Vitex rotundifolia


Vitex trifolia

Agnus Castus
Chaste Berry
Chaste Tree Berry
Chasteberries
Chasteberry
Chinese Vitex
Gattilier
Hemp Tree
Indian Spice
Lilac Chaste Tree
Mang Jing Zi
Monk's Pepper
Sage Tree Hemp
Vitex
Wild Pepper"
65,Chickweed,"Chickweed also is known as mouse-ear, satinflower, starweed, starwort, tongue grass, white bird's-eye, winterweed, and chickenwort."
66,Chicory,"Chicory is also known as blue sailor's succory, coffeeweed, sugarloaf, wild succory, and witloof."
67,Chinese Cucumber,"Chinese cucumber also is known as Chinese snake gourd, gua-lou, tian-hua-fen, compound Q, Radix trichosanthis, Tolidostena japonica ."
68,Chitosan,"
Chitin
Chitosan Ascorbate
Chitosane
Deacetylated Chitosan
Enzymatic Polychitosamine Hydrolisat
HEP-30
Mono-Carboxymethylated Chitosan
N,O-Sulfated Chitosan
N-Carboxybutyl Chitosan
N-Carboxybutyl Chitosane
O-Sulfated N-Acetylchitosan
Poliglusam
Sulfated N-Carboxymethylchitosan
Trimethyl Chitosan Chloride"
69,Chlorophyll,"
Chlorophyll A
Chlorophyll B
Chlorophyll C
Chlorophyll D
Chlorophylle
Chlorophylle A
Chlorophylle B
Chlorophylle C
Chlorophylle D
Chlorophyllin
Clorofila"
70,Chondroitin,"
Calcium Chondroitin Sulfate
CDS
Chondroitin 4- and 6-Sulfate
Chondroitin 4-Sulfate
Chondroitin Polysulfate
Chondroitin Sodium Sulfate
Chondroitin Sulfate
Chondroitin Sulfuric Acid
Chondroitin Sulphate
Chondroïtine
Chondroïtine Sulfate A
Chondroïtine Sulfate B
Chondroïtine Sulfate C
Chonsurid
CPS
CS
CSA
CSC
GAG
Galactosaminoglucuronoglycan Sulfate
Shark Chondroitin Sulphate
Structum"
71,Chromium,"
Brewer's Yeast
Chrome
Chrome 3+
Chrome FTG 
Chrome III
Chrome Trivalent
Chromic Chloride
Chromium 3+
Chromium Acetate
Chromium Chloride
Chromium III
Chromium III Picolinate
Chromium Nicotinate
Chromium Picolinate
Chromium Polynicotinate
Chromium Proteinate
Chromium Trichloride
Chromium Tripicolinate
Cr
Cr III
Cr3+ 
Cromo
Kali Bichromicum
Potassium Bichromate
Trivalent Chromium"
72,Cinnamon,"

Cinnamomum aromaticum


Cinnamomum cassia


Cinnamomum loureirii


Cinnamomum ramulus


Cinnamomum verum


Cinnamomum zeylanicum

Bastard Cinnamon
Canelle
Canton Cassia
Casse
Cassia
Cassia Aromaticum
Cassia Bark
Cassia Cinnamon
Cassia Lignea
Ceylon Cinnamon
Chinese Cassia
Chinese Cinnamon
Cinnamomon
Cinnamomum
Cinnamon Bark
Cinnamon Essential Oil
Cinnamon Flos
Cinnamonomi Cortex
False Cinnamon
Saigon Cinnamon
True Cinnamon"
73,Clove,"

Caryophyllus aromaticus


Eugenia aromatica


Eugenia caryophyllata


Eugenia caryophyllus


Syzygium aromaticum

Caryophylli Flos
Caryophyllus
Clove Bud
Clove Flower
Clove Flowerbud
Clove Leaf
Clove Oil
Clove Stem
Cloves
Cloves Bud
Ding Xiang
Oil of Clove
Tropical Myrtle"
74,Coleus,"

Coleus amboinicus


Coleus barbatus


Coleus forskohlii


Plectranthus barbatus

Borforsin
Colforsin
Colforsine
Country Borage
Cuban Oregano
Forskohlii
Forskolin
Forskolina
Forskoline
French Thyme
Indian Borage
Indian Mint
Makandi
Soup Mint
Spanish Thyme"
75,Coltsfoot,"Coltsfoot also is known as Folia farfarae,  Filius ante patrem (the son before the father), Kuan Don Hua/Kuandong Hua."
76,Comfrey,"Comfrey also is known as Russian comfrey, knitbone, radix consolidate, bruisewort, blackwort, and slippery root."
77,Cordyceps,"

Cordyceps sinensis (Berk.) Sacc.


Cordyceps sinensis


Ophiocordyceps sinensis

Aweto
Caterpillar Fungus
Caterpillar Mushrooms
Champignon Chenille
Chinese Caterpillar Fungus
Cs-4
Dong Chong Xia Cao
Dong Chong Zia Cao
Keeda Ghas
Keera Jhar
Orphiocordyceps Sinensis
Semitake
Tochukaso
Vegetable Caterpillar
Winter Worm, Summer Grass
XinGanBao
Yarshagumba
Yartsa Gunbu
Yatsa Gunbu
Zhiling"
78,Crampbark,"Cramp bark also is known as guelder rose, snowball, squaw bush, cranberry tree, highbush cranberry, and pimbina."
79,Cranberry,"

Vaccinium macrocarpon


Vaccinium oxycoccos

American Cranberry
Arandano Americano
Arandano Rtepador
Bearberry
Bog Cranberry
Cranberries
Cranberry Extract
Cranberry Fruit
Cranberry Fruit Juice
Cranberry Juice
Cranberry Juice Cocktail
Cranberry Juice Concentrate
Cranberry Powder
Cranberry Powdered Extract
Craneberry
European Cranberry
Grosse Moosbeere
Kranbeere
Large Cranberry
Mossberry
Small Cranberry
Trailing Swamp Cranberry
Tsuru-Kokemomo
Vaccinium"
80,Creatine,"
2-[carbamimidoyl(methyl)amino]acetic acid
Cr
Creatin
Creatina
Creatine Anhydrous
Creatine Citrate
Creatine Ethyl Ester
Creatine Ethyl Ester HCl
Creatine Gluconate
Creatine Hydrochloride
Creatine Malate
Creatine Monohydrate
Creatine Phosphate
Creatine Pyroglutamate
Creatine Pyruvate
CrP
Créatine
Créatine Anhydre
Créatine Citrate
Créatine Ethyl Ester
Créatine Ethyl Ester HCl
Créatine Kré Alkaline
Créatine Malate
Créatine Monohydrate
Créatine Monohydratée
Créatine Pyroglutamate
Créatine Pyruvate
Di-Creatine Malate
Dicreatine Malate
Dicréatine Malate
Glycine
Kre-Alkalyn Pyruvate
Kreatin
Malate de Tricréatine
Methyl Guanidine-Acetic Acid
Methylguanidine Acetic Acid
Methylguanidine-Acetic Acid
N-(Aminoiminomethyl)-N Methyl Glycine
N-(aminoiminométhyl)-N-Méthyl
N-Amidinosarcosine
Phosphocreatine
Phosphocréatine
Tricreatine HCA
Tricreatine Malate
Tricréatine HCA
Tricréatine Malate
Éthyle Ester de Créatine"
81,Cumin,Cumin is also known as cummin.
82,Damiana,"Damiana also is known as herba de la pastora, Mexican damiana, old woman's broom, and rosemary (not to be confused with the spice Rosmarinus officinalis)"
83,Dandelion,"

Leontodon taraxacum


Taraxacum dens-leonis


Taraxacum officinale


Taraxacum platycarpum


Taraxacum vulgares

Blowball
Cankerwort
Cochet
Common Dandelion
Dandelion Extract
Dandelions
Endive Sauvage
Lion's Teeth
Lion's Tooth
Pissenlit
Priest's Crown
Pu Gong Ying
Puffball
Swine Snout
Taraxacum
Wild Endive"
84,Danshen,"Danshen, dan shen, tanshen, tan-shen, Radix Salviae miltiorrhiza, Fu Fang Dan Shen
Trade Names
Fu Fang Dan Shen"
85,Deer Velvet,"Deer velvet also is known as velvet antler, Cornu cervi parvum, and lu rong (hairy young horn)."
86,Dehydroepiandrosterone,"
Androstenolone
Dehydroepiandrosterone Sulfate
DHEA
DHEA-S
GL701
Prasterone"
87,Devil's Claw,"

Harpagophytum procumbens


Harpagophytum zeyheri


Procumbens


Uncaria procumbens

Devil's Claw Root
Devils Claw
Garra del Diablo
Grapple Plant
Grapple Vine
Griffe du Diable
Harpagophyti Radix
Harpagophytum
Hook Plant
Racine de Griffe du Diable
Racine de Windhoek
Radix Harpagophyti
Teufelskrallenwurzel
Wood Spider
Xwate"
88,Dolomite,Dolomite also is known as dolomitic limestone.
89,Dong Quai,"

Angelica polymorpha


Angelica sinensis

Angelica China
Angelicae Gigantis Radix
Chinese Angelica
Dang Gui
Danggui
Danguia
Don Quai
Female Ginseng
Kinesisk Kvan
Phytoestrogens
Radix Angelicae Gigantis
Radix Angelicae Sinensis
Tan Kue Bai Zhi
Tang-Keui
Tang-Kuei
Tanggwi
Toki"
90,Dragon's Blood,"Dragon's blood also is known as sangre de grado, sangre de drago, and drago."
91,Echinacea,"

Echinacea angustifolia


Echinacea pallida


Echinacea purpurea

American Cone Flower
American Coneflower
Black Sampson
Black Susan
Black Susans
Brauneria Angustifolia
Brauneria Pallida
Brauneria Purpurea
Comb Flower
Combflower
Cone Flower
Coneflower
Echinacea Angustifolia
Echinacea angustifolia DC
Echinacea Pallida
Echinacea pallida (Nutt.) Britton
Echinacea Purpurea
Echinacea purpurea (L.) Moench
Echinacea Serotine
Echinacea Speciose
Echinaceawurzel
Equinácea
Fleur À Hérisson
Hedgehog
Helichroa Purpurea
Igelkopfwurzel
Indian Head
Kansas Snakeroot
Narrow-Leaved Purple Cone Flower
Narrow-Leaved Purple Coneflower
Pale Cone Flower
Pale Coneflower
Pale Purple Cone Flower
Pale Purple Coneflower
Purple Cone Flower
Purple Coneflower
Purpursonnenhutkraut
Purpursonnenhutwurzel
Racine d'echininacea
Radix Echinaceae
Red Sunflower
Rock-Up-Hat
Roter Sonnenhut
Rudbeckia Purpurea
Rudbeckie Pourpre
Schmallblaettrige Kegelblumenwurzel
Schmallblaettriger Sonnenhut
Scurvy Root
Snakeroot
Sonnenhutwurzel
Échinacée
Échinacée Angustifolia
Échinacée Pallida
Échinacée Pourpre
Échinacée Purpurea"
92,Elderberry,"

Canadensis


Sambucus nigra

Black Elder
Black Elderberry
Black-Berried Alder
Boor Tree
Boortree
Bountry
Common Elder
Elder
Elder Berry
Elder Flower
Elderberries
Elderberry Fruit
Ellanwood
Ellhorn
European Alder
European Black Elder
European Black Elderberry
European Elder
European Elder Fruit
European Elderberry
Sambucol
Sambucus
Sweet Elder"
93,Eleutherococcus,"

Acanthopanax senticosus


Eleutherococcus senticosus


Hedera senticosa

Acanthopanax Obovatus
Acanthopanax Obovatus Hoo
Adaptogen
Ci Wu Jia
Ciwujia Root
Ciwujia Root Extract
Devil's Bush
Devil's Shrub
Eleuthero
Eleuthero Extract
Eleuthero Ginseng
Eleuthero Root
Eleutherococci Radix
Ginseng Root
Ginseng, Siberian
Hedera Senticosa
Kan Jang
North Wu Jia Pi
Phytoestrogen
Prickly Eleutherococcus
Racine Russe
Russian Root
Shigoka
Siberian Eleuthero
Siberian Ginseng
Thorny Bearer of Free Berries
Touch-Me-Not
Untouchable
Ussuri
Ussurian Thorny Pepperbush
Wild Pepper
Wu Jia Pi
Wu-jia"
94,Emu Oil,Emu oil also is known as emu.
95,Ephedra,"

Ephedra distachya


Ephedra equisetina


Ephedra gerardiana


Ephedra intermedia


Ephedra shennungiana


Ephedra sinensis


Ephedra sinica


Ephedra vulgaris

Belcho
Cao Ma-Huang
Cao Mahuang
Chinese Ephedra
Chinese Joint Fir
Desert Herb
Efedra
Ephedra Sinisa
Ephedrine
Ephedrine Alkaloid
Herbal Ecstasy
Indian Joint Fir
Joint Fir
Ma Huang
Ma Huang Root
Mongolian Ephedra
Muzei Ma Huang
Pakistani Ephedra
Pinellia
Popotillo
Sea Grape
Shuang Sui Ma Huang
Teamster's Tea
Yellow Astringent
Yellow Horse
Zhong Mahuang"
96,Evening Primrose Oil,"

Oenothera biennis


Oenothera muricata


Oenothera purpurata


Oenothera rubricaulis


Oenothera suaveolens

Cis-Linoleic Acid
Common Evening Primrose
EPO
Evening Primrose
Evening Primrose Seed Oil
Fever Plant
King's Cureall
Night Willow Herb
Oil of the Evening Primrose
Primrose Oil
Scabish
Sun Drop"
97,Eyebright,"

E. rostkoviana


E. stricta


Euphrasia officinalis


Euphrasia rostkoviana


Euphrasia stricta

Euphraisia Eye Bright
Eye Bright
Luminet"
98,False Unicorn,"False unicorn is also known as helonias root, devil's bit, blazing star, drooping starwort, rattlesnake, and fairy-wand."
99,Fennel,"Common fennel, sweet fennel, bitter fennel, carosella, Florence fennel, finocchio, garden fennel, large fennel, wild fennel"
100,Fenugreek,"

Trigonella foenum-graecum


Trigonella foenumgraecum

Alholva
Bird's Foot
Bockshornklee
Bockshornsame
Egypt Fenugreek
Fenugreek Seed
Greek Clover
Greek Hay
Greek Hay Seed
Hu Lu Ba
Medhika
Methi
Methika
Trigonelle
Woo Lu Bar"
101,Feverfew,"

Chrysanthemum parthenium


Chrysanthemum praealtum


Leucanthemum parthenium


Matricaria eximia


Matricaria parthenium


Pyrethrum parthenium


Tanacetum parthenium

Altamisa
Bachelor's Buttons
Chamomile Grande
Chrysanthemematricaire
Chrysanthemum Pracaltum
European Feverfew
Feather-Fully
Featherfew
Featherfoil
Featherfully
Febrifuge Plant
Feddygen Fenyw
Flirtroot
Flirtwort Midsummer Daisy
Grande Chamomile
Midsummer Daisy
Mutterkraut
Nosebleed
Santa Maria
Vetter-Voo
Wild Chamomile
Wild Quinine"
102,Fish Oil,"
ADH
DHA
Docosahexaenoic Acid
Docosahexaenoic Acid (DHA)
E-EPA
Eicosapentaenoic Acid
Eicosapentaenoic Acid (EPA)
Eicosapentanoic Acid
EPA
Essential Fatty Acid
Ethyl Eicosapentaenoic Acid
Ethyl-Eicosapentaenoic Acid
Ethyl-EPA
Fish Oil Fatty Acid
Fish Oil Fatty Acids
Fish Oils
Krill Oil
LCPUFA's
LCPUFAs
Long Chain PUFA's
Long Chain PUFAs
Lovaza
Marine Oil
Marine Oil Fatty Acids
Marine Oils
N-3 Fatty Acid
N-3 Fatty Acids
Neuromins
Omega 3
Omega 3 Fatty Acids
Omega Fatty Acid
Omega-3
Omega-3 Fatty Acids
Omega-3 Polyunsaturated Fatty Acids
Oméga 3
Polyunsaturated Fatty Acid
PUFA
PUFAs
W-3 Fatty Acid
W-3 Fatty Acids"
103,Flax,"

Linum crepitans


Linum humile


Linum usitatissimum

Alasi
Brown Flaxseed
Brown-Seeded Flax
Common Flax
Flax Hull
Flax Lignans
Flax Meal
Flax Seed
Flaxseed
Flaxseed Oil
Golden Flax
Linseed
Linseed Flax
Linseed Oil
Lint Bells
Lintbells
Linum
Malsaga
Phytoestrogen
Ta Ma"
104,Fo Ti,"Fo-ti also is known as he shou wu, flowery knotweed, climbing knotweed, Chinese cornbind, and tuber fleeceflower. This plant should not be confused with the commercial product Fo-ti Tieng, which does not contain fo-ti."
105,Forskolin,"Forskolin is also known as pashanabhedi, Indian coleus, makandi, HL-362, NKH477, and mao hou qiao rui hua.
Trade Names
NKH477"
106,"Frankincense, Indian","

Boswellia sacra


Boswellia serrata

Arbre à Encens
Arbre à Oliban Indien
Boswella
Boswellia
Boswellie
Boswellin
Boswellin Serrata Resin
Dhup
Encens Indien
Frankincense, Indian
Franquincienso
Gajabhakshya
Indian Frankincense
Indian Frankincense Tree
Indian Olibanum
Oliban Indien
Resina Boswelliae
Ru Xiang
Salai Guggal
Sallaki Guggul
Shallaki"
107,Fruit Acids,"
2-hydroxypropionic acid
Acide 2-hydroxypropionique (Acide Lactique)
Acide Alpha-Hydroxyéthanoïque
Acide Citrique
Acide de Pomme
Acide Dihydroxysuccinique (Acide Tartrique)
Acide Glycolique
Acide Hydroxyacétique (Acide Glycolique)
Acide Hydroxycaprylique
Acide Hydroxypropionique
Acide Hydroxysuccinique
Acide Lactique
Acide Malique
Acides Alpha-Hydroxylés
Acidos Alfa-Hydroxi
AHA
Alpha Hydroxy Acids
Alpha-Hydroxyethanoic Acid
Apple Acid
Citric Acid
Dihydroxysuccinic Acid
Gluconolactone
Glycolic Acid
Hydroxyacetic Acid
Hydroxycaprylic Acid
Hydroxypropionic Acid
Hydroxysuccinic Acid
Lactic Acid
Malic Acid
Mixed Fruit Acids
Monohydroxysuccinic Acid
Tartaric Acid"
108,Fumitory,"Fumitory also is known as common fumitory, and earth smoke."
109,Gamma Linolenic Acid (GLA),Gamma linolenic acid also is known as GLA and gamolenic acid.
110,Gamma Oryzanol,"Gamma oryzanol is also known as rice bran oil, rice bran wax, rice bran protein, gamma oryzanol, and gammariza."
111,Garcinia (Hydroxycitric Acid),"

Garcinia cambogia


Garcinia quaesita


Mangostana cambogia

AHC
Assam Fruit
Brindal Berry
Brindall Berry
Brindle Berry
Brindleberry
Cambogia
Cambogia Binucao
Cambogia Gummi-Guta
Cambogin
Camboginol
Gambooge
Garcinia
Garcinia Affinis
Garcinia Gummi-Guta
Garcinia Sulcata
Garcinol
Gorikapuli
HCA
Hydroxycitrate
Hydroxycitric Acid
Kankusta
Kudam Puli
Malabar Tamarind
Mangostana Cambogia
Tamarinier de Malabar
Vadakkan Puli
Vrikshamla"
112,Garlic,"

Allium sativum

Aged Garlic Extract
Ail
Ajo
Allium
Camphor of the Poor
Clove Garlic
Da-Suan
Garlic Clove
Garlic Oil
La-Suan
Nectar of the Gods
Poor Man's Treacle
Poorman's Treacle
Rason
Rust Treacle
Rustic Treacle
Stinking Rose"
113,Gelsemium,"Gelsemium also is known as yellow or Carolina jasmine, wild, yellow or Carolina jessamine, woodbine, and evening trumpet flower."
114,Gentian,"Gentian also is known as stemless gentian, yellow gentian, bitter root, bitterwort, felwort, pale gentian, wild gentian, gall weed, gentiana, Radix Gentianae Lutea."
115,Ginger,"

Amomum zingiber


Zingiber capitatum


Zingiber officinale

African Ginger
Black Ginger
Cochin Ginger
Gan Jiang
Ginger Essential Oil
Ginger Root
Indian Ginger
Jamaica Ginger
Race Ginger
Zingiberis rhizoma"
116,Ginkgo,"
Bai Guo Ye
Baiguo
Fossil Tree
Ginkgo Biloba
Ginkgo Biloba Leaf
Ginkgo Extract
Ginkgo Folium
Ginkgo Leaf Extract
Ginkgo Seed
Ginkyo
Japanese Silver Apricot
Kew Tree
Maidenhair Tree
Yen Xing
Yinhsing
Yinhsing (Japanese Silver Apricot)"
117,Ginseng,"

Panax ginseng


Panax quinquefolius


Panax schinseng

American Ginseng
Anchi Ginseng
Asian Ginseng
Asiatic Ginseng
Baie Rouge
Canadian Ginseng
Chinese Ginseng
Chinese Red Ginseng
Ginseng a Cinq Folioles
Ginseng Occidental
Ginseng Oriental
Ginseng Root
Ginseng, Panax
Japanese Ginseng
Korean Ginseng
Korean Ginseng Root
Korean Panax
Korean Panax Ginseng
Korean Red Ginseng
Korean White Ginseng
North American Ginseng
Oriental Ginseng
Panax Quinquefolia
Panax Quinquefolium
Racine de Ginseng
Radix Ginseng
Red Berry
Red Chinese Ginseng
Red Ginseng
Red Kirin Ginseng
Red Korean Ginseng
Red Panax Ginseng
Ren Shen
Sang
Shang
Shi Yang Seng
Tibetan Ginseng
White Ginseng
White Panax Ginseng
Wisconsin Ginseng
Xi Yang Shen"
118,Glucomannan,"

Amorphophallus konjac


Amorphophallus rivieri

Glucomanano
Glucomannane
Gonyak
Konjac
Konjac Mannan
Konnyaku"
119,Glucosamine,"
(3R,4R,5S,6R)-3-Amino-6-(Hydroxymethyl) Oxane-2,4,5-Triol Hydrochloride
2-Amino-2-Deoxy-Beta-D-Glucopyranose
2-Amino-2-Deoxy-D-Glucose Sulfate
2-Amino-2-Deoxyglucose
2-Amino-2-Deoxyglucose Sulfate
Amino Monosaccharide
Chitosamine
Chitosamine Hydrochloride
Chlorhidrato de Glucosamina
Chlorhydrate de Glucosamine
D-Glucosamine
D-Glucosamine HCl
D-Glucosamine Sulfate
D-Glucosamine Sulphate
G6S
Glucosamine
Glucosamine Hydrochloride
Glucosamine KCl
Glucosamine Potassium Sulfate
Glucosamine Sulfate
Glucosamine Sulfate 2KCl
Glucosamine Sulfate-Potassium Chloride
Glucosamine Sulphate
Glucosamine Sulphate KCl
Glucosamine-6-Phosphate
GS
Mono-Sulfated Saccharide
Poly-(1->3)-N-Acetyl-2-Amino-2-Deoxy-3-O-Beta-D-Glucopyranurosyl-4-(or 6-) Sul
SG
Sulfated Monosaccharides
Sulfated Saccharides"
120,Glutamine,"
(S)-2,5-Diamino-5-Oxopentanoic Acid
Alanyl-L-Glutamine Dipeptide
Gin
GLN
Glutamate
Glutamic Acid
Glutamic Acid HCl
Glutamic Acid Hydrochloride
Glutaminate
Glutamine Ethyl Ester
Glutamine Ethyl Ester HCl
Glutamine Methyl Ester
Glutamine Peptides
L-Glutamic Acid
L-Glutamic Acid 5-Amide
L-Glutamic Acid HCl
L-Glutamic Acid Hydrochloride
L-Glutamine
Levoglutamide
Levoglutamine
N-Acetyl-L-Glutamine"
121,Glutathione,"
Gamma-Glutamylcysteinylglycine
Gamma-L-Glutamyl-L-Cysteinylglycine
Glutathion
GSH
L-Glutathion
L-Glutathione"
122,Golden Seal,"

Hydrastis canadensis

Chinese Goldenseal
Eye Balm
Eye Root
Eyebalm
Eyeroot
Fard Inolien
Framboise de Terre
Golden Root
Goldenroot
Goldenseal
Goldsiegel
Ground Raspberry
Hydraste
Hydraste du Canada
Hydrastis Canadensis
Indian Dye
Indian Plant
Indian Turmeric
Jaundice Root
Orange Root
Orangeroot
Puccoon
Racine Orange
Racine à la Jaunisse
Radix Hydrastis
Sceau D'or
Sello de Oro
Turmeric Root
Warnera
Wild Curcuma
Yellow Indian Paint
Yellow Paint
Yellow Puccoon
Yellow Root
Yellowroot"
123,Gotu Kola,"

Centella asiatica

Asiatic Pennywort
Brahmi
Hydrocotyle
Indian Pennywort
Indian Water Navelwort
Manduukaparani
Marsh Penny
Spadeleaf
Talepetrako
Thick-Leaved Pennywort
Tsubokusa
White Rot"
124,Grape Seed,"

Vitis vinifera

Activin
Black Grape Raisins
Calzin
Concord Grapes
European Wine Grapes
Flame Grapes
Flame Raisins
Flame Seedless Grapes
Flamer Grapes
Grampe Leaf Extract
Grape Fruie
Grape Fruit
Grape Fruit Skin
Grape Juice
Grape Leaf
Grape Leaf Extract
Grape Seed Extract
Grape Seed Oil
Grape Seeds
Grape Skin
Grape Skin Extract
Grapes
Grapeseed
Muscat
Muskat
Oligomeric Proanthocyanidins
Oligomeric Procyanidins
OPC
OPCs
PCO
PCOs
Petite Sirah
Proanthocyanidin
Procyanidolic Oligomers
Purple Grapes
Raisins
Red Globe Grapes
Red Grapes
Red Malaga
Red Vine Leaf
Table Grapes
Thompson Seedless Grapes
Uva
Vine Leaf Extract
White Grapes
Wine Grapes"
125,Grapefruit,"

Citrus maxima


Citrus paradisi

Agrume
Bioflavonoid Complex
Bioflavonoid Concentrate
Bioflavonoid Extract
Bioflavonoids
Citrus
Citrus Bioflavonoid Extract
Citrus Bioflavonoids
Citrus Extract
Citrus Flavonoids
Citrus Grandis Extract
Citrus Peel Extract
Citrus Seed Extract
Cold-Pressed Grapefruit Oil
CSE
Expressed Grapefruit Oil
Grapefruit Bioflavonoid Complex
Grapefruit Extract
Grapefruit Oil
Grapefruit Seed Extract
GSE
Pink Grapefruit
Rutaceae
Shaddock Oil
Standardized Extract of Grapefruit"
126,Green Tea,"

Camellia sinensis

Black Tea
Green Sencha Tea
Green Tea Extract
Green Tea Polyphenolic Fraction
GTP
GTPF
Japanese Tea
Kunecatechins
Oolong Tea
Poly E
Polyphenon E
PTV
Tea Extract
Tea Green
Veregen
Yame Green Tea
Yame Tea"
127,Guarana,"Guarana also is known as guarana paste or gum, Brazilian cocoa, and Zoom."
128,Guggul,"Guggul is also known as guggal, gum guggal, gum guggulu, and gugulipid."
129,Gymnema,"Gymnema is also known as meshashringi, gurmar, merasingi, and periploca of the woods."
130,Hawthorn,"

Crataegus cuneata


Crataegus kulingensis


Crataegus laevigata


Crataegus monogyna


Crataegus oxyacantha


Crataegus pinnatifida


Crataegus rhipidophylla


Mespilus laevigata

Aubepine
Cardiplant
Chinese Hawthorn
Crataegisan
Crataegus monogyna Jacquin
Crataegus oxyacantha L.
Crataegutt
English Hawthorn
Faros
Hagedorn
Haw
Hawthorne
Hedgethorn
Korodin
LI 132
LI132
May
Maybush
Maythorn
Oneseed Hawthorn
Whitehorn
Whitethorn
WS 1442
WS1442"
131,Hibiscus,"Hibiscus also is known as karkade, red tea, red sorrel, Jamaica sorrel, rosella, soborodo (Zobo drink), Karkadi, roselle, and sour tea.
Efficacy-safety rating:
ÒÒ...Ethno or other evidence of efficacy.
Safety rating:
●...Little exposure or very minor concerns.
         
What is Hibiscus?



Roselle is native to tropical Africa, but today grows throughout many tropical areas. This annual herb produces elegant red flowers. The flowers
(calyx and bract portions) are collected when slightly immature. The major producing countries are Jamaica and Mexico.
What is Hibiscus used for?
Traditional/Ethnobotanical uses
The hibiscus has had a lengthy history of use in Africa and neighboring tropical countries. Its fragrant flowers have been used in sachets and perfumes. In areas of northern Nigeria, this plant has been used to treat constipation. Fiber from H. sabdariffa has been used to fashion rope as a jute substitute. The fleshy red calyx is used in the preparation of jams, jellies, and cold and warm teas and drinks. The leaves have been used like spinach. The plant is used widely in Egypt for the treatment of cardiac and nerve diseases and has been described as a diuretic. In Iran, drinking sour tea for the treatment of hypertension is a popular practice. It has been used in the treatment of cancers. Research reveals little or no evidence of these medicinal uses of hibiscus. The mucilaginous leaves are used as a topical emollient in Africa. In Western countries, hibiscus flowers often are found as components of herbal tea mixtures. In Thailand, people consume roselle juice to quench thirst. Karkade seed products (ie, karkade defatted flour, protein concentrate, protein isolate) have been studied for their nutritional and functional value.
Hypertension
A randomized clinical trial evaluated the effect of sour tea available commercially in Iran on essential hypertension in otherwise healthy volunteers. A decrease in blood pressure was seen. However, after cessation of drinking the sour tea, a rise in blood pressure occurred. Although no adverse effects were seen in this study, the use of sour tea for treating hypertension requires further study.
Antibacterial/Vermifuge
Aqueous extracts of hibiscus appear to exert a slight antibacterial effect. In laboratory and animal studies, worms were killed by hibiscus extracts. Research reveals little or no clinical data regarding the use of hibiscus as an antibacterial or vermifuge (kill worms).
Chemopreventive effects
Components of hibiscus have shown potential as a chemopreventative agent against tumor promotion in laboratory and animal studies. These components also possess anti-inflammatory properties. Research reveals little or no clinical data regarding the use of hibiscus as a chemopreventive agent.
Laxative effects
The plant has been used as a mild laxative. While animal studies show a mild cathartic effect, research reveals little or no human clinical data regarding the use of hibiscus as a laxative.
Other uses
Hibiscus has been studied for its use in preventing renal stone formation, as well as its respiratory and sedative effects. To date there is no clinical evidence to prove any of these beneficial medical effects. Additionally, hibiscus anthocyanins have shown antioxidant activity in protecting against hepatotoxicity in rats. Application and action in humans has yet to be investigated.
What is the dosage of Hibiscus?
There is no clinical evidence on which dosage recommendations can be based. Roselle has generally recognized as safe (GRAS) status as a foodstuff. A typical dose as a tea is 1.5 g.
Is Hibiscus safe?
Contraindications
Contraindications have not yet been identified.
Pregnancy/nursing
Documented adverse effects. Avoid use. Roselle has emmenagogue (to stimulate menstrual flow) effects.
Interactions
Hibiscus beverages may reduce chloroquine plasma levels, decreasing the effectiveness.
Side Effects
No data.
Toxicities
The flowers are considered relatively nontoxic. However, high doses have caused death in mice within 24 hours.
Copyright © 2006 Wolters Kluwer HealthFurther informationAlways consult your healthcare provider to ensure the information displayed on this page applies to your personal circumstances.
Medical Disclaimer"
132,Holly,"A number of members of the genus Ilex are referred to as ""holly.""Holly, English holly, Oregon holly, and American holly are the species most often associated with the ornamental Christmas holly. Yaupon, Appalachian tea, cassena, deer berry, Indian holly, and Indian black drink also are commonly discussed with the hollies."
133,Hops,
134,Horehound,Horehound also is known as hoarhound and white horehound.
135,Horny Goat Weed,"

Epimedium acuminatum


Epimedium brevicornum


Epimedium grandiflorum f. flavescens


Epimedium grandiflorum


Epimedium koreanum


Epimedium macranthum


Epimedium pubescens


Epimedium sagittatum


Epimedium violaceum


Epimedium wushanense

Arrow-Leaf Barrenwort
Barrenwort
Bishop's Hat
Chien-Hsieh
Epimedium
Fairy Wings
Japanese Epimedium
Randy Beef Grass
Rowdy Lamb Herb
Xian Ling Pi
Yin Yang Huo
Yin-Yang-Hua"
136,Horse Chestnut,"

A. californica


A. glabra


A. turbinata


Aesculus hippocastanum

Aescin
Aescine
Aesculaforce
Buckeye
California Buckeye
Castanea Equine
Chestnut
Escine
Essaven
Japanese Horse Chestnut
Ohio Buckeye
Semen Hippocastani
Spanish Chestnut
Venastat
Venostasin Retard
Venostat
White Chestnut"
137,Horseradish,"Horseradish is also known as pepperrot, mountain radish, red cole, and great raifort."
138,Horsetail,"Horsetail also is known as bottle brush, scouring rush, shave grass, Dutch rush, and pewterwort."
139,Huperzine A,"Huperzine A is isolated from the club mossHuperzia serrata. It is also known as Chien Tseng Ta, Jin Bu Buan, Qian Ceng Ta, She Zu Cao, Shi Song. Other products containing huperzine A include Memorzine, Brainmax, Neuroflow.
Trade Names
BrainmaxMemorzineNeuroflow"
140,Hyaluronic Acid,"
Glycoaminoglycan
Glycoaminoglycane
Healon
Hyaluran
Hyaluronan
Hyaluronate Sodium
Hylan
Hylira
Sodium Hyaluronate"
141,Hyssop,"It should be noted that there are a number of other common plants found in North America that go by a variation of the name ""hyssop."" These include giant hyssop (Agastache sp.), hedge hyssop (Gratiola officinalis), and water hyssop (Bacopa sp.). None of these plants are members of the genus Hyssopus."
142,Inositol Hexaphosphate,"
Calcium Magnesium Inositol Hexaphosphate
Calcium Phytate
Fytic Acid
Inositol
InsP-6
IP-6
IP6
Myo-Inositol Hexaphosphate 
Phytate
Phytic Acid"
143,Ipecac,"Ipecac also is known as ipecacuanha, golden root, Rio ipecac or Brazilian ipecac, Matto Grosso ipecac, and Costa Rica ipecac."
144,Jojoba,
145,Juniper,"Juniperi fructus, common juniper, ""boughs of the supernatural"""
146,Kalonji,"

Nigella sativa

Ajenuz
Aranuel
Baraka
Black Caraway
Black Cumin
Black Seed
Blessed Seed
Charnushka
Charnuska
Cheveux de Vénus
Cominho Negro
Comino Negro
Cumin Noir
Fennel Flower
Fennel Flower Plant
Fitch
Graine de Nigelle
Graine Noire
Kalajaji
Kalajira
Krishnajirika
La Grainer Noire
Love in the Mist
Mugrela
Nielle
Nigella
Nigella Sativa
Nigelle Cultivée
Nigelle de Crête
Nutmeg Flower
Poivrette
Roman-Coriander
Schwarzkummel
Shonaiz
Small Fennel
The Blessed Seed
Toute Épice
Upakuncika"
147,Kaolin Hydrated Aluminum Silicate,"Heavy or light kaolin, China clay, bolus alba, porcelain clay, white bole, argilla"
148,Kava,"

Piper methysticum

Ava
Ava Pepper
Ava Root
Awa
Gea
Gi
Intoxicating Long Pepper
Intoxicating Pepper
Kao
Kava Kava
Kava Pepper
Kava Root
Kava-kava
Kavain
Kawa
Kawa Kawa
Kawa Pepper
Kawain
Kew
Long Pepper
Rauschpfeffer
Sakau
Tonga
Wurzelstock
Yangona
Yaqona
Yaquon
Yongona"
149,Kombucha,"Kombucha is also known as kombucha tea, kombucha mushroom, Manchurian tea, combucha tea, spumonto, tschambucco, teekwass, kwassan, kargasok tea, ""fungus"" Japonicus, Manchurian ""fungus,"" Dr. Sklenar's kombucha mushroom infusion, champagne of life, t'chai from the sea, zoogleal mat, and pellicle."
150,Kudzu,"Kudzu, kudzu vine, Japanese arrowroot, kakka, kakkon, Kakkonto (Japan), Ge Gen, XJL (NPI-028) (China)"
151,L-arginine,
152,L-Theanine,"
5-N-Ethylglutamine

Boletus badius


Camellia sinensis


Gamma-ethylamino-L-glutamic acid

Gamma-Glutamylethylamide
Suntheanine
Teanina
Theanine"
153,L-Tryptophan,"
L-Triptofano
L-Trypt
L-Tryptophane
Tryptofan
Tryptophan"
154,Lavender,"Lavender also is known as aspic, common lavender, English lavender, garden lavender, lavandin (usually refers to particular hybrids), pink lavender, spike lavender, true lavender, and white lavender."
155,Lecithin,"
1,2-diacyl-sn-glycero-3-phosphatidylcholine
Egg Lecithin
Granulestin
Kelecin
Lecithol
Soy Lecithin
Soy Phospholipids
Soybean Lecithin
Vitellin
Vitelline"
156,Lemon Balm,"

Melissa officinalis

Balm
Cure-All
Dropsy Plant
Honey Plant
Melisa
Melissa
Sweet Balm
Sweet Mary"
157,Lemon Verbena,Lemon verbena also is known as luisa.
158,Licorice,"

Glycyrrhiza glabra


Glycyrrhiza uralensis

Bois doux
Can Cao
Chinese Licorice
Deglycyrrhized Licorice
Gan Cao
Gan Zao
Glycyrrhizae Extractum Crudum
Glycyrrhizae Radix
Glycyrrhizic Acid
Glycyrrhizinic Acid
Isoflavone
Kanzo
Lakrids
Lakritzenwurzel
Licochalcone-A
Liquiriti Radix
Phytoestrogen
Russian Licorice
Shao-Yao-Gan-Cao-Tang
Spanish Licorice
Succens Liquiritiae
Sweet Root
Zhi Gan Cao"
159,Linden,"Linden, European linden, basswood, lime tree, lime flower"
160,Lobelia,"Lobelia is also known as Indian tobacco, Indian weed, pukeweed, asthma weed, gagroot, vomitwort, bladderpod, and eyebright."
161,Lutein,"
(3R,3′R, 6′R)beta-epsilon-carotene-3-3′-diol; (CAS registry number 127-40-2)
All-E-3'-Dehydro-Lutein
All-E-Lutein
Beta,Epsilon-Carotene-3,3'-Diol
Carotenoids
E-Lutein
E161b
Macular Pigment
Synthetic Lutein
Xanthophyll
Xanthophylle
Zeaxanthin"
162,Lycopene,"

Psi-carotene


Psi

All-Trans Lycopene
Lycopenes
Lycopeno
Psi-Psi-Carotene"
163,Lysine,"

2,6-diaminohexanoic acid


Alpha-epsilon-diaminocaproic acid

Hydrochlorure de L-Lysine
L-2,6-Diaminohexanoic Acid
L-Lysine
L-Lysine HCL
L-Lysine Hydrochloride
L-Lysine Monohydrochloride
Lisina
Lys
Lysine HCl
Lysine Hydrochloride
Lysine Monohydrochloride
Monochlohydrate de L- Lysine
Monochlohydrate de Lysine"
164,Ma Huang,"Ma Huang also is known as ephedra, yellow horse, yellow astringent."
165,Maca,"Maca also is known as Peruvian ginseng, Maino, Ayuk willku, and Ayak chichira."
166,Maitake,"Maitake is also known as huishu hua (Chinese), king of mushrooms, dancing mushroom, monkey's bench, and shelf fungus."
167,Marijuana,"

Cannabis sativa

Anashca
Banji
Bhang
Blunt
Bud
Cannabis
Cannabis sativa L.
Cannador
Cesamet
Charas
Dagga
Dimba
Dope
Esrar
Gaga
Ganga
Grass
Hash
Hashish
Hemp
Herbe
Huo Ma Ren
Idrasil
Joint
Kif
Machona
Marihuana
Marinol
Mary Jane
Medical Marijuana
Pot
Sativex
Sawi
Sesha
Shesha
Sinsemilla
Suma
Vingory
Weed"
168,Maritime Pine,"Maritime pine extract, Monterey pine extract, pine bark extract, Enzogenol, Pycnogenol"
169,Maté,"Maté is also known as chimarrao, hierba maté, kaiha, erva maté, yerba maté, Paraguay tea, St. Bartholomew's tea, and terere."
170,Meadowsweet,"Meadowsweet is also known as queen of the meadow, dropwort, bridewort, and lady of the meadow."
171,Melatonin,"
5-Methoxy-N-Acetyltryptamine
Circadin
MEL
Melatonia
MLT
N-Acetyl-5-Methoxytryptamine
Pineal Hormone"
172,Methylsulfonylmethane (MSM),"
Crystalline DMSO
Dimethyl Sulfone MSM
Dimethylsulfone
Diméthylsulfone
DMSO2
Methyl Sulfone
Methyl Sulfonyl Methane
Methyl Sulphonyl Methane
Methylsulfonylmethane
Metilsulfonilmentano
MSM
Méthyle Sulfonyle Méthane
Méthyle Sulphonyle Méthane
Méthylsulfonylméthane
Sulfone de Diméthyle MSM
Sulfone de Méthyle
Sulfonyl Sulfur"
173,Milk Thistle,"

Carduus marianus


Fructus cardui mariae


Fructus silybi mariae


Mariana mariana


Silybum marianum

Blessed Milk Thistle
Bull Thistle
Chardon-Marie
Holy Thistle
Lady's Milk
Lady's Thistle
Marian Thistle
Mary Thistle
Mild Marian Thistle
Our Lady's Thistle
Pternix
Shui Fei Ji
Silberdistil
Silibinin
Silibum
Silybe
Silybin
Silybon
Silybum
Silymarin
Silymarine
St Mary Thistle
St Marys Thistle
St. Mary's Thistle
Thistle
Thistle of the Blessed Virgin"
174,Mistletoe,"Mistletoe, bird lime, all heal, devil's fuge, golden bough, mistel (German), Iscador
Trade Names
Iscador"
175,Muira Puama,"Muira puama is also known as marapuama, potency wood, raiz del macho, and potenzholz."
176,Mullein,"Mullein also is known as American mullein, European or orange mullein, candleflower, candlewick, higtaper and lungwort."
177,Myrrh,"African myrrh ( C. habessinica), Somali Myrrh (C. molmol), Arabian and Yemen myrrh (C. abyssinica), myrrha, myrrhe, gum myrrh, bola, bal, bol, heerabol"
178,Neem,"Neem, margosa, nim, nimba, nimbatiktam, Arishtha, Praneem"
179,Nettles,"

Uritica dioica L.


Uritica dioica


Urtica urens L.


Urtica urens

Bichu
Common Nettles
Feuille d’Ortie
Graine d’Ortie
Grande Ortie
Great Stinging Nettle
Great Stinging Nettles
Nettle
Nettle Leaf
Nettle Seed
Nettle Worth
Ortie
Ortie Brûlante
Ortie des Jardins
Ortie Dioïque
Ortie Méchante
Ortiga
Prostaherb
Prostamon
Small Nettle
Small Nettles
Soii (Kashmiri)
Stinging Nettle
Stinging Nettles
Uritica
Uritica Plus
Urtica dioica
Urtica urens
Urticae Herba et Folium
Urticae Radix
Urtidin"
180,Noni,"Noni is also known as morinda, ach, achi, anino, awltree, bengkudu, bo-aal, caribe te, dilo-K, hag apple, hog apple, ice leaf, Indian mulberry, kura, mengkoedoe, mengkudu, minamaram, Morinda littoralis, mulberry, eagugu, nhau, nui, nho, nhor, prey, nhor, thom, noko, nona, noni, nono, nonu, nuna, oko, pain killer, patje, pemii, riro, ruibarbo, te non, rra, yeiawa harachan, and yo."
181,Oats,"Oats, Hafer (German), ma-karasu-mugi (Japanese), avena (Spanish)"
182,Olive Leaf,Olive leaf also is known as olive leaf extract.
183,Olive Oil,"

Olea europaea

Common Olive
Extra Virgin Olive Oil
Green Olive
Manzanilla Olive Fruit
Monounsaturated Fatty Acid
N-9 Fatty Acid
Olive Fruit
Olive Fruit Pulp
Olive Leaf
Olive Pulp
Olives
Olivio
Omega-9 Fatty Acids
Salad Oil
Sweet Oil
Unsaturated Fatty Acid
Virgin Olive Oil"
184,Onion,"Onion, Bulbus Allii Cepae, common onion, garden onion. Topical commercial preparations include Contractubex and Mederma.
Trade Names
ContractubexMederma"
185,Oregano,"Wild marjoram, mountain mint, Mexican oregano, winter marjoram, wintersweet, kekik (Turkish), and Mediterranean oregano."
186,Pantothenic Acid,"
Acide D-Pantothénique
Acide Pantothénique
Alcool Pantothénylique
Antidermatitis Vitamin
B Complex Vitamin
Calcii Pantothenas
Calcium D-Pantothenate
Calcium Pantothenate
Calcium-Pantothenate
Complexe de Vitamines B
D(+)-alpha-(-dihydroxy-beta,beta-dimethylbutyryl-beta-alanaine)
D-Calcium Pantothenate
D-Panthenol
D-Panthénol
D-Pantothenic Acid
D-Pantothenyl Alcohol
D-Pantothénate de Calcium
Dexpanthenol
Dexpanthenolum
Dexpanthénol
Pantethine
Panthenol
Panthénol
Pantothenate
Pantothenic Acid
Pantothenol
Pantothenylol
Pantothénate
Pantothénate de Calcium
Pantéthine
Vitamin B-5
Vitamin B5
Vitamine B5
Ácido Pantoténico"
187,Papaya,Papaya is also known as pawpaw and melon tree.
188,Parsley,Parsley also is known as rock parsley and garden parsley.
189,Passion Flower,"

Passiflora incarnata

Apricot Vine
Burucuya
Corona de Cristo
Fleischfarbige
Fleur de la Passion
Fleur de Passiflore
Flor de Passion
Granadilla
Granadilla (species with edible fruit)
Grenadille
Herba Passiflorae
Jamaican Honeysuckle
Jamaican Honeysuckle (Passiflora laurifolia)
Madre Selva
Maracuja
Maracuva
Maypop
Maypop Passion Flower
Pasiflora
Pasionari
Pasionaria
Passiflora
Passiflorae Herba
Passiflore
Passiflore Aubépine
Passiflore Officinale
Passiflore Purpurine
Passiflore Rouge
Passiflorina
Passion Flower Herb
Passion Fruit
Passion Vine
Passionaria
Passionblume
Passionflower
Passionflower Herb
Passionsblomma
Passionsblumenkraut
Purple Passion Flower
Purple Passionflower
Water Lemon
Wild Passion Flower
Wild Passion Flower (P. incarnatus)"
190,Pectin,"
Acide Pectinique
Acide Pectique
Apple Pectin
Citrus Pectin
Fruit Pectin
Grapefruit Pectin
Lemon Pectin
MCP
Modified Citrus Pectin
Pectina
Pectine
Pectine de Citron
Pectine de Fruit
Pectine de Pamplemousse
Pectine de Pomme
Pectine d’Agrume
Pectine d’Agrume Modifiée
Pectinic Acid"
191,Pennyroyal,"Pennyroyal also is known as American pennyroyal, squawmint, mosquito plant, and pudding grass."
192,Peppermint,"

Mentha arvensis


Mentha halpocalyx


Mentha lavanduliodora


Mentha x piperita L. Peppermint is a hybrid of Mentha spicata L. (spearmint) and Mentha aquatica L. Family: Lamiaceae (mints)


Mentha x piperita

Black Peppermint
Bo He
Brandy Mint
Chinese Peppermint
Corn Mint
Extract of Mentha Piperita
Extract of Peppermint
Extract of Peppermint Leaves
Extrait de Feuilles de Menthe de Poivrée
Extrait de Mentha Piperita
Extrait de Menthe Poivrée
Field Mint
Herba Menthae
Huile de Mentha Piperita
Huile de Menthe Poivrée
Huile Essentiella de Menthe Poivrée
Lamb Mint
Mentha Lavanduliodora
Mentha Oil
Mentha Piperita
Mentha Piperita Extract
Mentha Piperita Oil
Mentha x piperita
Menthae Piperitae Aetheroleum
Menthae Piperitae Folium
Menthe
Menthe Poivrée
Menthol
Mint
Mint Balm
Oil of Peppermint
Paparaminta
Peppermint Essential Oil
Peppermint Extract
Peppermint Leaf
Peppermint Leaf Extract
Peppermint Oil
Western Peppermint"
193,Periwinkle,"Periwinkle also is known as red periwinkle, Madagascar or Cape periwinkle, old maid, church-flower, ram-goat rose, ""myrtle,"" and magdalena."
194,Peru Balsam,"Peru balsam is also known as balsam of Peru, balsamo blanco, baumier du Perou, Peruvian balsam, Indian balsam, black balsam, and Perubalsambaum."
195,Pineapple,"Pineapple, bromelain, Phlogenzym, Debridase"
196,Plantain,"Plantain also is known as Spanish psyllium, French psyllium, blond plantago, Indian plantago, psyllium seed, flea seed, and black psyllium."
197,Poison Ivy,"

Rhus acutiloba


Rhus radicans


Rhus toxicarium


Rhus toxicodendron


Toxicodendron diversilobum


Toxicodendron pubescens


Toxicodendron quercifolium


Toxicodendron radicans


Toxicodendron rydbergii


Toxicodendron succedaneum


Toxicodendron toxicarium


Toxicodendron vernicifluum


Toxicodendron vernix

Bois de Chien
Chinese Lacquer
Herbe à la Puce
Herbe à Puce
Hiedra Venenosa
Markweed
Poison Dogwood
Poison Elder
Poison Oak
Poison Sumac
Poison Vine
Rhus Radicans
Rhus Tox
Rhus Toxicodendron
Sumac Grimpant
Sumac Vénéneux
Three-Leafed Ivy"
198,Policosanol,"
32-C
Cotricontanol
Dotriacontanol
Heptaconsanol
Hexacosanol
Nonacosanol
Octacosanol
Polycosanol
Tetracosanol
Tetratriacontanol
Triacontanol
Tétracosanol
Tétratraicontanol"
199,Probiotics,"

B. bifidum


Bifidobacterium adolescentis


Bifidobacterium animalis


Bifidobacterium bifidum


Bifidobacterium breve


Bifidobacterium infantis


Bifidobacterium lactis


Bifidobacterium longum


Enterococcus faecium


L. bifidus


Lactobacillus acidophilus


Lactobacillus bifidus


Lactobacillus bulgaricus


Lactobacillus casei


Lactobacillus helveticus


Lactobacillus paracasei


Lactobacillus plantarum


Lactobacillus reuteri


Lactobacillus rhamnosus


Lactobacillus rhamnosus GG

Saccharomyces boulardii


Streptococcus salivarius


Streptococcus thermophilus

Bifidobacteria
Indian Yogurt
Sour Milk
VSL-3
Yogurt"
200,Propolis,"Propolis also is known as Propolis balsam, propolis resin, propolis wax, bee glue, hive dross."
201,Pygeum,"

Prunus africana


Pygeum africanum

African Cherry
African Plum
African Plum Tree
African Prune
African Pygeum
Amande Amère
Ciruelo Africano
Prunier d’Afrique
Prunus africana (Hook. f.) Kalkm
Pygeum Africanus
Red Stinkwood
Rosaceae"
202,Quercetin,"
2-(3,4-Dihydroxyphenyl)-3,5,7-trihydroxy-4H-1-benzopyran-4-one
3, 3′, 4′, 5, 7-pentahydroxy-2-phenylchromen-4-one
3,3',4'5,7-Penthydroxyflavone
Bioflavonoid
Bioflavonoid Complex
Bioflavonoid Concentrate
Bioflavonoid Extract
Bioflavonoids
Bioflavonoïde
Bioflavonoïde de Citron
Bioflavonoïdes de Citron
Citrus Bioflavones
Citrus Bioflavonoid
Citrus Bioflavonoid Extract
Citrus Bioflavonoids
Citrus Flavones
Citrus Flavonoids
Complexe de Bioflavonoïde
Concentré de Bioflavonoïde
Extrait de Bioflavonoïde
Extrait de Bioflavonoïdes de Citron
Flavones de Citron
Flavonoid
Flavonoids
Flavonol
Flavonoïde
Meletin
Mélétine
Pentahydroxyflavone
Quercetin Dihydrate
Quercetina
Quercetine
Quercétine
Sophretin
Sophrétine
Vitamin P"
203,Raspberry,"

Rubus buschii


Rubus idaeus


Rubus occidentalis


Rubus strigosus

Australian Raspberry
Black Raspberry
Bokbunja
Boulder Raspberry
Framboise
Framboise Rouge
Framboisier Rouge
Framboisier Sauvage
Frambusa Roja
Korean Raspberry
Raspberries
Raspberry Ketones
Red Raspberry
Rubi Idaei Folium
Rubus
West Indian Raspberry"
204,Red Clover,"

Trifolium pratense

Bee Bread
Beebread
Clovone
Cow Clover
Creeping Clover
Daidzein
Flos Trifolii
Genistein
Isoflavone
Meadow Clover
Miel des Prés
Phytoestrogen
Purple Clover
Trebol Rojo
Trefoil
Trifolium
Trifolium Pratense
Trèfle Commun
Trèfle des Prés
Trèfle Pourpre
Trèfle Rouge
Trèfle Rougeâtre
Trèfle Violet
Wild Clover"
205,Red Yeast Rice,"

Monascus purpureus

Ang-Khak
Arroz de Levadura Roja
Aspergillaceae
Beni-Koji
Cholestin
Hon-Chi
Hong Qu
Hongqu
Koji
Koji Rouge
Levure de Riz Rouge
Monascus
Monascus Purpureus Went
Red Fermented Rice
Red Mold
Red Rice Koji
Red Rice Yeast
Red Yeast
Red Yeast Rice
Red Yeast Rice Extract
Red-Koji
Riz Rouge
Rotschimmelreis
Xue Zhi Kang
XueZhiKang
XZK
Zhi Tai
Zhibituo
Zhitai"
206,Reishi Mushroom,"Reishi, ling chih, lingzhi (ling zhi), ""spirit plant,"" Ganopoly"
207,Resveratrol,"
(E)- 5-(4-hydroxystyryl)benzene-1,3-diol
3,4',5-Stilbenetriol
3,4',5-Trihydroxystilbene
3,4,5-T
rans-Trihydroxystilbene
3,5,4' -Trihydroxystilbene
3,5,4' TriHydroxy-Transstibene
3,5,4'-Trihydroxy-Trans-Stilbene
3,5,4′-C
is-Trihydroxystilbene
Cis-Resveratrol
Darakchasava
Extrait de Vin
Extrait de Vin Rouge
Japanese Knotweed
Kojo-Kon
Phyto-oestrogène
Phytoalexin
Phytoalexine
Phytoestrogen
Piceatannol (analogue)
Pilule de Vin
Protykin
Red Wine Extract
Resveratrols
Resvératrol
Resvératrols
RSV
RSVL
Stilbene Phytoalexin
Trans-Resveratrol
Trans-Resvératrol
Transresveratrol
Wine Extract
Wine Pill"
208,Rhodiola Rosea,"

Lignum rhodium


Rhodiola roanensis


Rhodiola rosea


Sedum rhodiola


Sedum rosea

Aaron's Rod
Arctic Root
Golden Root
King's Crown
Orpin Rose
Rhodaxon
Rhodiola Roanensis
Rose Root
Rose Root Extract
Rosenroot
Roseroot
Rosewort
Sedum Rosea
SHR-5
Siberian Goldenroot
Siberian Rhodiola Rosea
Snowdown Rose"
209,Rose Hip,"

R. acicularis Lindl.

R. cinnamomea L.

R. rugosa Thunb.

Rosa alba


Rosa canina


Rosa canina L.

Rosa centifolia


Rosa damascena


Rosa gallica


Rosa lutetiana


Rosa pomifera


Rosa provincialis


Rosa rugosa


Rosa villosa

Apothecary Rose
Brier Fruits
Cynorhodon
Cynorhodons
Cynosbatos
Dog Rose (R. canina)
Dog Rose Fruits
Dog Rose Hips
Fruit de l’Églantier
Gulab
Haw
Heps
Hip
Hip Fruit
Hip Sweet
Hipberries
Hipberry
Hips
Hop Fruits
Persian Rose
Phool Gulab
Pink Rose
Poire d’oiseaux
Rosae pseudofructus cum semen
Rose de Provins
Rose des Apothicaires
Rose Haw
Rose Hep
Rose Hip Seeds
Rose Hips
Rose Rouge de Lancaster
Rosehip
RoseHip Seed
Rosehips
Rosier de Provence
Satapatri
Satapatrika
Shatpari
Wild Boar Fruits
Églantier"
210,Rosemary,Rosemary also is known as old man.
211,Royal Jelly,Royal jelly
212,Safflower,"

Carthamus tinctorius

Alazor
American Saffron
Bastard Saffron
Dyer's Saffron
Fake Saffron
False Saffron
Gami-Honghwain
Hing Hua
Hong Hua
Safflower Nut Oil
Safflower Oil
Zaffer
Zafran"
213,Saffron,
214,SAMe,"
ADE-SD4
Ademetionine
Adenosylmethionine
Adomet
S-Adenosyl Methionine
S-Adenosyl-L-Methionine
S-Adenosylmethionine
S-Adenosylmethionine Butanedisulfonate
S-Adenosylmethionine Tosylate Disulfate
S-Adénosylméthionine
SAdenosylmethionine Tosylate
SAM
SAM-e
Samesadenosylmethionine
Sammy"
215,Sandalwood,"Sandalwood is also known as santal oil, white saunders oil, white or yellow sandalwood oil, and East Indian sandalwood oil."
216,Sarsaparilla,"Sarsaparilla also is known as Ba Qia catbrier, greenbrier, smilax, smilace, sarsa, Jin Gang Teng, Rhizoma Smilacis Glabrae, zarzaparilla, and khao yen."
217,Sarsparilla,"Sarsaparilla also is known as smilax, smilace, sarsa, and khao yen.
Efficacy-safety rating:
ÒÒ...Ethno or other evidence of efficacy.
Safety rating:
●...Little exposure or very minor concerns.
What is Sarsparilla?



Sarsaparilla is a woody, trailing vine, which is grown in the Mexico, Honduras, Jamaica, and Ecuador. Many Smilax species are very similar in appearance regardless of origin. The root of the plant is used for medicinal purposes. This root has a pleasant fragrance and spicy sweet taste, and has been used as a natural flavoring agent in medicines, foods, and non-alcoholic beverages. It should not be confused with the sassafras tree, which has the distinctive flavoring of American root beer.
What is it used for?
Traditional/Ethnobotanical uses
The French physician Nicholas Monardes described using sarsaparilla to treat syphilis in 1574. In 1812, Portuguese soldiers suffering from syphilis recovered faster if sarsaparilla was taken to treat the disease instead of mercury, the standard treatment at the time. Sarsaparilla has been used by many cultures for other ailments as well, including skin problems, arthritis, fever, digestive disorders, leprosy, and cancer. Late 15th century accounts explaining the identification and the first descriptions of American drugs include sarsaparilla. Sarsaparilla's role as a medicinal plant in American and European remedies in the 16th century also is evident.
Sarsaparilla has been used for treating syphilis and other sexually transmitted diseases (STDs) throughout the world for 40 years. It has been used for psoriasis, and was documented as an adjuvant for leprosy treatment in 1959.
Miscellaneous uses
The ability of sarsaparilla to bind to endotoxins may be a possible mechanism of action as to how the plant exerts its effects. Problems associated with high endotoxin levels circulating in the blood stream such as liver disease, psoriasis, fevers, and inflammatory processes, all seem to improve with sarsaparilla. Research reveals no clinical data regarding the use of sarsaparilla for anti-inflammatory effects. A recent review addresses smilax compounds present in bodybuilding supplements said to “enhance performance.” Results of the study of more than 600 commercially available supplements determined that there was no research to validate these claims.
What is the recommended dosage?
Typical doses of sarsaparilla for a variety of uses range from 0.3 to 2 g/day of the powdered root.
How safe is it?
Contraindications
Contraindications have not yet been identified.
Pregnancy/nursing
Information regarding safety and efficacy in pregnancy and lactation is lacking.
Interactions
None well documented.
Side Effects
No major contraindications, warnings, or side effects have been documented. Avoid excessive ingestion. In unusually high doses, the plant may be harmful, including GI irritation.
Toxicities
Research reveals little or no information regarding toxicology with the use of sarsaparilla.
References


Sarsaparilla. Review of Natural Products. factsandcomparisons4.0 [online]. 2005. Available from Wolters Kluwer Health, Inc. Accessed April 23, 2007.


Copyright © 2009 Wolters Kluwer HealthFurther informationAlways consult your healthcare provider to ensure the information displayed on this page applies to your personal circumstances.
Medical Disclaimer"
218,Sassafras,"Sassafras also is known as saxifras, ague tree, cinnamon wood, and saloop."
219,Saw Palmetto,"

Brahea serrulata


Corypha repens


Sabal serrulata


Sabal serrulatum


Serenoa repens


Serenoa repens (W. Bartram) Small

Serenoa serrulata


Serenoa serrulata (Michx) G. Nicholson

Chamaerops serrulata Michx
American Dwarf Palm Tree
Baies du Chou Palmiste
Baies du Palmier Scie
Cabbage Palm
Chou Palmiste
Dwarf Palmetto
Fan Palm
Fructus Serenoae Repentis
Ju-Zhong
Palma Enana Americana
Palmier de Floride
Palmier Nain
Palmier Nain Américain
Palmier Scie
Palmiste
Sabal
Sabal Fructus
Sabal Palm
Saw Palmetto Berry
Scrub Palm
Scrub Palmetto
Serenoa"
220,Schisandra,"

Kadsura chinensis


Kansura chinensis


Maximoviczia amurensis


Maximoviczia chinensis


Schisandra arisanensis


Schisandra chinensis var. rubriflora


Schisandra chinensis


Schisandra chinensis (Turcz.) Baillon

Schisandra rubiflora Franch

Schisandra rubriflora


Schisandra Sinensis


Schisandra sphaerandra


Schisandra sphenanthera


Schisandra sphenanthera Rehd.

Sphaerostemma japonica


Sphaerostemma japonicum


Schisandra arisanensis Hayata
Bac Ngu Vi Tu
Baie de Schisandra
Bei Wu Wei Zi
Beiwuweizi
Chinese Mongolavine
Chinese Schizandra
Chinesischer Limonenbaum
Chosen-Gomischi
Five Flavor Fruit
Five Flavor Seed
Five-Flavor-Fruit
Fructus Schisandrae
Fructus Schisandrae Chinensis
Fruit aux Cinq Saveurs
Gomishi
Hoku-Gomishi
Hoy Tsi
Ji-Chu
Kadsura chinensis
Kita-Gomishi
Limonnik
Limonnik Kitajskjj
M Mei Gee
Magnolia Vine
Matsbouza
Maximowich's Red Grape
Mei Gee
Nanwuweizi
Ngu Mei Gee
Northern Schisandra
Omicha
Omiza
Schisandra Berry
Schisandra Sinensis
Schizandra
Schizandra Chinensis
Schizandre Fructus
Southern Schisandra
Western Shisandra
Wu Wei Zi
Wu-Wei-Zu
Wuhzi
Xiwuweizi"
221,Scullcap,"Scullcap also is known as skullcap, helmetflower, hoodwort, and mad-dog weed."
222,Seaweed,"Seaweed is also known as brown seaweed, red seaweed, algae, kelp, egg wrack, kombu/konbu, sea spaghetti, wakame, nori, dulse/dillisk, sea lettuce, sea grass, carrageenin, and Irish moss."
223,Senna,"

Cassia acutifolia


Cassia angustifolia


Cassia lanceolata


Cassia senna


Senna alexandrina

Alexandrian Senna
Alexandrinische Senna
Casse
Cassia Senna
Fan Xie Ye
Indian Senna
Khartoum Senna
Sen
Sena Alejandrina
Senna Alexandrina
Sennae Folium
Sennae Fructus
Sennosides
Séne d’Inde
Séné
Séné d'Alexandrie
Séné d'Egypte
Séné de Tinnevelly
Tinnevelly Senna
True Senna"
224,Serrapeptase,"
Antiflazym
Butterfly Enzyme
Danzen
Enzyme de Ver de Soie
Extrait de Ver de Soie
SER
Serapeptase
Serodase
Serralysin
Serrapeptasa
Serrapeptasi
Serrapeptidase
Serratia E-15
Serratia Extracellular Proteinase
Serratia Peptidase
Serratiaprotease
Serratiopeptidase
Silk Worm Enzyme
Silkworm Extract"
225,Shark Derivatives,
226,Shark Liver Oil,
227,Slippery Elm,"Slippery elm also is known as red elm, Indian elm, moose elm, and sweet elm."
228,SOD,
229,Soy,"

Dolichos soja


Glycine gracilis


Glycine hispida


Glycine max


Glycine soja


Phaseolus max


Soja hispida


Soja max

Cosse de Soja
Cosse de Soya
Daidzein
Daidzéine
Edamame
Estrogène Végétal
Fermented Soy
Fibre de Soja
Fibre de Soya
Frijol de Soya
Fève de Soja
Fève de Soya
Genestein
Genistein
Génistéine
Haba Soya
Haricot de Soja
Haricot de Soya
Hydrolyzed Soy Protein
Isoflavone
Isoflavone de Soja
Isoflavone de Soya
Isoflavones
Isolated Soy Protein
Isolated Soybean Protein
Lait de Soja
Lait de Soya
Legume
Miso
Natto
Phaseolus max
Phytoestrogen
Plant Estrogen
Protéine de Haricot de Soja Isolée
Protéine de Haricot de Soya Isolée
Protéine de Soja
Protéine de Soja Isolée
Protéine de Soya
Protéine de Soya Isolée
Shoyu
Soja
Soja Fermenté
Soja hispida
Soja max
Sojabohne
Soy Bean
Soy Fiber
Soy Germ
Soy Isoflavones
Soy Milk
Soy Protein
Soy Protein Isolate
Soya
Soya Bean
Soya Fermenté
Soybean
Soybean Curd
Soybean Isoflavones
Tempeh
Texturized Vegetable Protein
Tofu
Touchi"
230,Spirulina,"

Anabaena species


Aphanizomenon flos-aquae


Arthrospira maxima


Arthrospira platensis


Lyngbya wollei


Microcystis aeruginosa


Microcystis wesenbergii


Nostoc ellipsosporum


Spirulina fusiformis


Spirulina maxima


Spirulina pacifica


Spirulina platensis

AFA
Algae
Algas Verdiazul
Algues BleuVert
Algues BleuVert du Lac Klamath
Anabaena
Aphanizomenon flosaquae
Arthrospira fusiformis
Arthrospira maxima
Arthrospira platensis
BGA
Blue Green Algae
Blue Green Algas
Blue Green Micro-Algae
Cyanobacteria
Cyanobactérie
Cyanophycée
Dihe
Espirulina
Hawaiian Spirulina
Klamath
Klamath Blue/Green Algae
Klamath Lake Algae
Lyngbya wollei
Microcystis aeruginosa and other Microcystis species
Nostoc ellipsosporum
SBGA
SF
Spirulina Blue-Green Algae
Spirulina fusiformis
Spirulina maxima
Spirulina platensis
Spiruline
Spiruline d'Hawaii
Tecuitlatl"
231,St. John's Wort,"

Hypericum perforatum


Hypericum

Amber
Amber Touch-and-Heal
Barbe de Saint-Jean
Chase-Devil
Chasse-diable
Demon Chaser
Esbericum
Fuga Daemonum
Goatweed
Hardhay
Herbe Aux Fées
Herbe Aux Mille Vertus
Herbe Aux Piqûres
Herbe de la Saint-Jean
Herbe de Saint Éloi
Herbe du Charpentier
Herbe Percée
Herbe à la Brûlure
Herbe à Mille Trous
Hierba de San Juan
Hypereikon
Hyperforat
Hyperici Herba
Hyperiforce
John's Wort
Kira
Klamath Weed
LI 160
Millepertuis
Neuroplant
Psychotonin
Rosin Rose
Saynt Johannes Wort
Sedariston
SJW
St John Wort
St John's Wort
St. John Wort
St. John's Wort
STEI 300
Tipton Weed
Tipton's Weed
WS 5573
Ze 117"
232,Stevia,"Stevia also is known as Sweet Leaf of Paraguay, Caa-he-é, Ca-a-yupi, Eira-caa, and Capim doce."
233,Sweet Wormwood,"

Artemisia annua

Absinth
Absinthe
Absinthe Sauvage
Absinthe Suisse
Absinthii Herba
Absinthites
Absinthium
Ajenjo
Alvine
Annual Mugwort
Annual Wormwood
Armoise
Armoise Amère
Armoise Commune
Armoise Vulgaire
Artemether
Artemisae
Artemisia
Artemisia absinthium
Artemisinin
Artemotil
Artesian
Artesunate
Chinese Wormwood
Ching-Hao
Common Wormwood
Grande Absinthe
Green Ginger
Herba
Herbe aux Vers
Herbe d'Absinthe
Herbe Sainte
Huang Hua Guo
Indhana
Lapsent
Menu Alvine
Mugwort
Qing Hao
Qinghaosu
Quinghao
Sweet Annie
Sweet Sagewort
Vilayati Afsanteen
Wermut
Wermutkraut
Western Wormwood
Wormweed
Wurmkraut"
234,Taheebo,"Taheebo is also known as Pau d'Arco, Lapacho morado, Lapacho colorado, and Ipé Roxo."
235,Taurine,"
2-Aminoethane Sulfonic Acid
2-Aminoethanesulfonic Acid
2-Aminoethylsulfonic Acid
Acid Aminoethanesulfonate
Acide Aminoéthylsulfonique
Acide Kétoisocaproïque de Taurine
Aminoethanesulfonate
Aminoéthylsulfonique
Bos Taurus
L-Taurine
Tau
Taurina
Taurine Ethyl Ester
Taurine Ketoisocaproic Acid
Éthyl Ester de Taurine"
236,Tea Tree Oil,"

Melaleuca alternifolia

Australian Tea Tree Oil
Melaleuca Oil
Oil of Melaleuca
Tea Tree
Tea Tree Essential Oil"
237,Turmeric,"

Curcuma aromatica


Curcuma domestica


Curcuma longa

Curcuma
Curcumae longae rhizoma
Curcumin
Curcumine
Curcuminoid
Curcuminoide
Curcuminoids
Curcuminoïde
Curcuminoïdes
Halada
Haldi
Haridra
Indian Saffron
Nisha
Pian Jiang Huang
Racine de curcuma
Radix curcumae
Rajani
Rhizoma cucurmae longae
Safran Bourbon
Safran de batallita
Safran des indes
Turmeric Root
Yu Jin"
238,Tylophora,"
Ananthamul
Antomul
Asclepias asthmatica
Country Ipecacuanha
Cynanchum indicum
Emetic Swallowwort
Indian Ipecac
Indian Ipecacuanha
Tylophora asthmatica
Tylophora indica"
239,Tyrosine,"
2-Amino-3-(4-Hydroxyphenyl) Propionic Acid
2-­Acetylamino-­3-­(4­-Hydroxyphenyl)-­Propanoic Acid
4-hydroxyphenylalanine
Acetyl-L-Tyrosine
Acétyl­-L­-Tyrosine
C9H11NO3

L-Tyrosine
N-Acetyl-L-Tyrosine
N-Acetyl-Tyrosine
N-Acétyl­-Tyrosine
N­-Acétyl L-­Tyrosine
Tirosina
Tyr
Tyrosinium"
240,Ubiquinone,"

Coenzyme Q-10

Adelir
Coenzyme Q10
Coenzyme Q10

CoQ10
Heartcin
Inokiton
Mitoquinone
Neuquinone
Taidecanone
Ubidecarenone
Ubiquinol
Ubiquinone-10
Udekinon"
241,Uva Ursi,"

Arbutus uva ursi


Arctostaphylos adenotricha


Arctostaphylos coactylis


Arctostaphylos media


Arctostaphylos officinalis


Arctostaphylos procumbens


Arctostaphylos uva ursi


Arctostaphylos uva-ursi


Mairania uva-ursi


Uva-ursi buxifolia


Uva-ursi procumbens


Uvae ursi folium

Achelblätter
Achelkraut
Arberries
Arberry
Arbousier
Arbousier Traînant
Arbutus Uva-Ursi
Arctostaphylos
Arctostaphylos uva ursi (L.) Sprenge folium
Bear Berries
Bear Berry
Bear's Grape
Bearberries
Bearberry
Beargrape
Beredruif
Berry Leaves
Brockberry
Busserole
Bärenkraut
Bärentraube
Bärentraubenblätter
Common Bearberries
Common Bearberry
Coralillo
Crowberry
Dogberry
Enab Edhdhib
Faux Buis
Feuille de Busserole
Feuille de Raisin D'ours
Folia Artostaphyli
Folia Garjubae
Folia Uvae-Ursi
Folia Vaccinil Ursi
Foxberry
Gayuba
Herba Garjubae
Hog Cranberry
Hogberries
Hogberry
Hojas de Gayuba
Kinnikinnick
Leesikas
Lisc Maçznicy
Manzanita
Mealyberry
Medvescölölevel
Moosebeerenblätter
Mountain Box
Mountain Cranberries
Mountain Cranberry
Petit Buis
Pinemat Manzanita
Ptarmigan Berry
Raisin D'ours
Raisin de Renard
Raisin d’Ours Commun
Red Bearberries
Red Bearberry
Redberries
Redberry
Rockberries
Rockberry
Sagackhomi
Sagochomi
Sandberries
Sandberry
Sandblätter
Upland Cranberry
Uva del Oso
Uva Ursi Extract
Uvae Ursi Folium
Uvaursina
Uwaurushi
Wolfsbeerenblätter"
242,Valerian,"

Centranthus ruber


Valeriana angustifolia


Valeriana edulis


Valeriana jatamansii


Valeriana officinalis


Valeriana sambucifolia


Valeriana sitchensis


Valeriana wallichii


Valerianaceae

All-Heal
Amantilla
Baldrian
Baldrianwurzel
Belgium Valerian
Cat's Love
Cat's Valerian
Common Valerian
Fragrant Valerian
Garden Heliotrope
Garden Valerian
Grande Valériane
Guérit Tout
Herbe aux Chats
Herbe aux Coupures
Herbe de Notre­-Dame
Herbe de Saint Georges
Herbe du Loup
Herbe à la Femme Meurtrie
Indian Valerian
Kesso Root
Mexican Valerian
Pacific Valerian
Radix Valerianae
Rhizome de Valérian
St George's Herb
St. George's herb
Tagar
Tagar-Ganthoda
Tagara
Valerian Fragrant
Valeriana
Valeriana Pseudofficinalis
Valeriana Rhizome
Valerianae Radix
Valeriane
Valériane
Valériane Africaine
Valériane Celtique
Valériane Commune
Valériane de Belgique
Valériane des Collines
Valériane Dioïque
Valériane du Jardin
Valériane Indienne
Valériane Mexicaine
Valériane Officinale
Valériane Sauvage
Valériane à Petites Feuilles
Vandal Root"
243,Vanadium,"
Atomic Number 23
Metavanadate
Métavanadate
Orthovanadate
Pentoxyde de Vanadium
Sulfate de Vanadyl
V
Vanadate
Vanadio
Vanadium Pentoxide
Vanadyl
Vanadyl Nicotinate
Vanadyl Sulfate
Vanadyl Sulphate
Vandyl"
244,Vervain,"Vervain, verbena, yerba de Santa Ana, enchanter's plant, herb of the cross, Juno's tears, pigeon's grass, pigeonweed, herb of grace, prostrate verbena, erba croce, erba dei tagli"
245,Vinpocetine,"
'Creeping Myrtle'

Vinca minor

Apovincaminic Acid
AY-27255
Cavinton
Cavinton Forte
Eburnamenine-14-Carboxylic Acid
Ethyl Apovincaminate
Ethyl Ester
Ethylapovincaminoate
Intelectol
Kavinton
Lesser Periwinkle
RGH-4405
Small, Common, Dwarf, or Lesser Periwinkle
TCV-3b
Vinpocetin
Vinpocetina
Vinpocétine"
246,Vitamin E,Vitamin E
247,Walnut,"Walnut, English walnut, Persian walnut, Caucasian walnut, Circassian walnut, and European walnut."
248,Wild Yam,"

Dioscorea alata


Dioscorea batatas


Dioscorea composita


Dioscorea floribunda


Dioscorea hirticaulis


Dioscorea japonica


Dioscorea macrostachya


Dioscorea mexicana


Dioscorea opposita


Dioscorea tepinapensis


Dioscorea villosa

American Yams
Atlantic Yams
Barbasco
China Root
Chinese Yams
Colic Root
Devil's Bones
Devil's bones
DHEA Naturelle
Dioscorée
Igname Sauvage
Igname Velue
Mexican wild yam
Mexican Wild Yams
Mexican Yams
Natural DHEA
Phytoestrogen
Phyto­-œstrogène
Rheumatism Root
Rhizoma Dioscoreae
Shan Yao
Wild Mexican Yams
Wild Yam Root
Wild Yams
Yuma
Ñame Silvestre"
249,Willow Bark,"

Salix alba


Salix daphnoides


Salix fragilis


Salix nigra


Salix pentandra


Salix purpurea

Basket Willow
Bay Willow
Black Willow
Black Willow Extract
Black Willowbark
Brittle Willow
Corteza de Sauce
Crack Willow
Daphne Willow
European Willow
European Willow Bark
Extrait d'Écorce de Saule
Extrait d'Écorce de Saule Blanc
Extrait de Saule
Extrait de Saule Blanc
Knackweide
Laurel Willow
Lorbeerweide
Organic Willow
Osier Blanc
Osier Roug
Purple Osier Willow
Purple Osier Willow/Basket Willow
Purple Willow
Purpurweide
Pussy Willow
Reifweide
Salicis cortex
Saule
Saule Argenté
Saule Blanc
Saule Commun
Saule des Viviers
Saule Discolore
Saule Fragile
Saule Noir
Saule Pourpre
Silberweid
Violet Willow
Weidenrinde
White Willow
White Willow Bark
White Willow Extract
Wild Countryside White Willow
Willow
Willow Bark Extract
Écorce de Saule Blanc"
250,Wintergreen,"Wintergreen is also known as teaberry, checkerberry, gaultheria oil, boxberry, deerberry, mountain tea, and Canada tea."
251,Witch Hazel,"Witch hazel is also known as Cortex Hamamelis (dried bark), Folium Hamamelis (dried or fresh leaves), Hamamelis, Hamamelis water, magician's rod, snapping hazel, spotted alder, tobacco wood, white hazel, andwinter bloom."
252,Yarrow,"Yarrow also is known as thousand-leaf, mil foil, green arrow, wound wort, and nosebleed plant."
253,Yellow Dock,"Yellow dock also is known as curly dock, curled dock, narrow dock, sour dock, and rumex."
254,Yerba Santa,"Yerba santa also is known as eriodictyon, tarweed, consumptive's weed, bear's weed, mountain balm, and gum plant."
255,Yogurt,Yogurt
256,Yohimbe,"
11-Hydroxy Yohimbine

Corynanthe johimbi


Corynanthe yohimbi


Pausinystalia johimbe


Pausinystalia yohimbe

Alpha Yohimbine
Alpha Yohimbine HCl
Aphrodien
Aphrodyne
Corynanthe Johimbe
Corynanthe Yohimbe
Johimbi
Muriaticum
Yocon
Yohimbe Bark
Yohimbehe
Yohimbehe Cortex
Yohimbine
Yohimbine HCl
Yohimbinum Muriaticum"
257,Yucca,"Yucca also is known as Spanish bayonet, Our Lord's candle, Joshua tree, and Adam's needle."
258,Zinc,"
Acexamate de Zinc
Acétate de Zinc
Aspartate de Zinc
Atomic Number 30
Chlorure de Zinc
Citrate de Zinc
Gluconate de Zinc
Monométhionine de Zinc
Méthionine de Zinc
Numéro Atomique 30
Orotate de Zinc
Oxyde de Zinc
Picolinate de Zinc
Pyrithione de Zinc
Sulfate de Zinc
Zinc Acetate
Zinc Acexamate
Zinc Ascorbate
Zinc Aspartate
Zinc Chloride
Zinc Citrate
Zinc Difumarate Hydrate
Zinc Gluconate
Zinc Methionate
Zinc Methionine
Zinc Monomethionine
Zinc Murakab
Zinc Orotate
Zinc Oxide
Zinc Picolinate
Zinc Pyrithione
Zinc Sulfate
Zinc Sulphate
Zincum Aceticum
Zincum Gluconicum
Zincum Metallicum
Zincum Valerianicum
Zn"
